id,chain,npz,phys_xtc,pass_rate
ADI-37123,VH,16,16,1.0
ADI-37123,VL,16,15,0.9375
ADI-37124,VH,16,15,0.9375
ADI-37124,VL,16,15,0.9375
ADI-37125,VH,16,15,0.9375
ADI-37125,VL,16,16,1.0
ADI-38498,VH,16,16,1.0
ADI-38498,VL,16,16,1.0
ADI-38499,VH,16,16,1.0
ADI-38499,VL,16,16,1.0
ADI-38500,VH,16,16,1.0
ADI-38500,VL,16,14,0.875
ADI-38501,VH,16,15,0.9375
ADI-38501,VL,16,16,1.0
ADI-38502,VH,16,14,0.875
ADI-38502,VL,16,16,1.0
ADI-38503,VH,16,15,0.9375
ADI-38503,VL,16,15,0.9375
ADI-45368,VH,16,16,1.0
ADI-45368,VL,16,16,1.0
ADI-45370,VH,16,16,1.0
ADI-45370,VL,16,16,1.0
ADI-45373,VH,16,15,0.9375
ADI-45373,VL,16,14,0.875
ADI-45375,VH,16,15,0.9375
ADI-45375,VL,16,16,1.0
ADI-45378,VH,16,16,1.0
ADI-45378,VL,16,5,0.3125
ADI-45379,VH,16,2,0.125
ADI-45379,VL,16,3,0.1875
ADI-45382,VH,16,3,0.1875
ADI-45382,VL,16,6,0.375
ADI-45383,VH,16,3,0.1875
ADI-45383,VL,16,4,0.25
ADI-45388,VH,16,10,0.625
ADI-45388,VL,16,2,0.125
ADI-45389,VH,16,6,0.375
ADI-45389,VL,16,6,0.375
ADI-45390,VH,16,1,0.0625
ADI-45390,VL,16,4,0.25
ADI-45391,VH,16,3,0.1875
ADI-45391,VL,16,3,0.1875
ADI-45393,VH,16,4,0.25
ADI-45393,VL,16,8,0.5
ADI-45395,VH,16,10,0.625
ADI-45395,VL,16,3,0.1875
ADI-45397,VH,16,6,0.375
ADI-45397,VL,16,3,0.1875
ADI-45402,VH,16,3,0.1875
ADI-45402,VL,16,2,0.125
ADI-45404,VH,16,4,0.25
ADI-45404,VL,16,4,0.25
ADI-45405,VH,16,1,0.0625
ADI-45405,VL,16,6,0.375
ADI-45406,VH,16,5,0.3125
ADI-45406,VL,16,6,0.375
ADI-45407,VH,16,5,0.3125
ADI-45407,VL,16,4,0.25
ADI-45408,VH,16,11,0.6875
ADI-45408,VL,16,4,0.25
ADI-45409,VH,16,1,0.0625
ADI-45409,VL,16,4,0.25
ADI-45410,VH,16,9,0.5625
ADI-45410,VL,16,4,0.25
ADI-45411,VH,16,4,0.25
ADI-45411,VL,16,7,0.4375
ADI-45422,VH,16,9,0.5625
ADI-45422,VL,16,5,0.3125
ADI-45425,VH,16,7,0.4375
ADI-45425,VL,16,5,0.3125
ADI-45428,VH,16,5,0.3125
ADI-45428,VL,16,3,0.1875
ADI-45429,VH,16,7,0.4375
ADI-45429,VL,16,6,0.375
ADI-45430,VH,16,2,0.125
ADI-45430,VL,16,3,0.1875
ADI-45433,VH,16,7,0.4375
ADI-45433,VL,16,2,0.125
ADI-45435,VH,16,2,0.125
ADI-45435,VL,16,1,0.0625
ADI-45438,VH,16,2,0.125
ADI-45438,VL,16,6,0.375
ADI-45439,VH,16,2,0.125
ADI-45439,VL,16,5,0.3125
ADI-45440,VH,16,4,0.25
ADI-45440,VL,16,4,0.25
ADI-45442,VH,16,3,0.1875
ADI-45442,VL,16,7,0.4375
ADI-45447,VH,16,3,0.1875
ADI-45447,VL,16,5,0.3125
ADI-45448,VH,64,63,0.984375
ADI-45448,VL,64,62,0.96875
ADI-45450,VH,16,1,0.0625
ADI-45450,VL,16,4,0.25
ADI-45451,VH,16,1,0.0625
ADI-45451,VL,16,6,0.375
ADI-45452,VH,16,5,0.3125
ADI-45452,VL,16,5,0.3125
ADI-45453,VH,16,4,0.25
ADI-45453,VL,16,8,0.5
ADI-45454,VH,16,6,0.375
ADI-45454,VL,16,8,0.5
ADI-45455,VH,16,5,0.3125
ADI-45455,VL,16,3,0.1875
ADI-45456,VH,16,9,0.5625
ADI-45456,VL,16,8,0.5
ADI-45459,VH,16,8,0.5
ADI-45459,VL,16,8,0.5
ADI-45460,VH,16,2,0.125
ADI-45460,VL,16,13,0.8125
ADI-45461,VH,16,6,0.375
ADI-45461,VL,16,4,0.25
ADI-45463,VH,16,4,0.25
ADI-45463,VL,16,5,0.3125
ADI-45464,VH,16,3,0.1875
ADI-45464,VL,16,11,0.6875
ADI-45465,VH,16,9,0.5625
ADI-45465,VL,16,3,0.1875
ADI-45469,VH,64,58,0.90625
ADI-45469,VL,64,61,0.953125
ADI-45470,VH,16,3,0.1875
ADI-45470,VL,16,9,0.5625
ADI-45472,VH,16,4,0.25
ADI-45472,VL,16,3,0.1875
ADI-45476,VH,16,3,0.1875
ADI-45476,VL,16,3,0.1875
ADI-45477,VH,16,4,0.25
ADI-45477,VL,16,3,0.1875
ADI-45479,VH,16,2,0.125
ADI-45479,VL,16,8,0.5
ADI-45480,VH,16,7,0.4375
ADI-45480,VL,16,5,0.3125
ADI-45481,VH,16,2,0.125
ADI-45481,VL,16,3,0.1875
ADI-45485,VH,16,3,0.1875
ADI-45485,VL,16,8,0.5
ADI-45486,VH,16,1,0.0625
ADI-45486,VL,16,1,0.0625
ADI-45488,VH,16,2,0.125
ADI-45488,VL,16,8,0.5
ADI-45489,VH,16,7,0.4375
ADI-45489,VL,16,2,0.125
ADI-45490,VH,16,4,0.25
ADI-45490,VL,16,5,0.3125
ADI-45491,VH,16,8,0.5
ADI-45491,VL,16,1,0.0625
ADI-45493,VH,16,7,0.4375
ADI-45493,VL,16,4,0.25
ADI-45495,VH,16,5,0.3125
ADI-45495,VL,16,5,0.3125
ADI-45497,VH,16,7,0.4375
ADI-45497,VL,16,5,0.3125
ADI-45498,VH,16,3,0.1875
ADI-45498,VL,16,5,0.3125
ADI-45499,VH,16,7,0.4375
ADI-45499,VL,16,3,0.1875
ADI-46677,VH,16,2,0.125
ADI-46677,VL,16,3,0.1875
ADI-46678,VH,16,3,0.1875
ADI-46678,VL,16,5,0.3125
ADI-46682,VH,16,4,0.25
ADI-46682,VL,16,6,0.375
ADI-46684,VH,16,5,0.3125
ADI-46684,VL,16,7,0.4375
ADI-46685,VH,16,10,0.625
ADI-46685,VL,16,4,0.25
ADI-46689,VH,16,5,0.3125
ADI-46689,VL,16,4,0.25
ADI-46690,VH,16,6,0.375
ADI-46690,VL,16,11,0.6875
ADI-46691,VH,16,-1,
ADI-46691,VL,16,5,0.3125
ADI-46692,VH,16,5,0.3125
ADI-46692,VL,16,8,0.5
ADI-46693,VH,16,5,0.3125
ADI-46693,VL,16,5,0.3125
ADI-46695,VH,16,7,0.4375
ADI-46695,VL,16,10,0.625
ADI-46696,VH,16,3,0.1875
ADI-46696,VL,16,5,0.3125
ADI-46697,VH,16,4,0.25
ADI-46697,VL,16,4,0.25
ADI-46701,VH,16,3,0.1875
ADI-46701,VL,16,5,0.3125
ADI-46704,VH,16,2,0.125
ADI-46704,VL,16,6,0.375
ADI-46705,VH,16,3,0.1875
ADI-46705,VL,16,7,0.4375
ADI-46706,VH,16,6,0.375
ADI-46706,VL,16,8,0.5
ADI-46707,VH,16,1,0.0625
ADI-46707,VL,16,6,0.375
ADI-46708,VH,16,11,0.6875
ADI-46708,VL,16,7,0.4375
ADI-46710,VH,16,8,0.5
ADI-46710,VL,16,6,0.375
ADI-46713,VH,16,6,0.375
ADI-46713,VL,16,2,0.125
ADI-47054,VH,16,3,0.1875
ADI-47054,VL,16,4,0.25
ADI-47055,VH,16,1,0.0625
ADI-47055,VL,16,4,0.25
ADI-47056,VH,16,3,0.1875
ADI-47056,VL,16,5,0.3125
ADI-47057,VH,16,4,0.25
ADI-47057,VL,16,6,0.375
ADI-47058,VH,16,7,0.4375
ADI-47058,VL,16,10,0.625
ADI-47059,VH,16,5,0.3125
ADI-47059,VL,16,4,0.25
ADI-47060,VH,16,1,0.0625
ADI-47060,VL,16,6,0.375
ADI-47061,VH,16,11,0.6875
ADI-47061,VL,16,7,0.4375
ADI-47062,VH,16,4,0.25
ADI-47062,VL,16,6,0.375
ADI-47063,VH,16,4,0.25
ADI-47063,VL,16,4,0.25
ADI-47064,VH,16,3,0.1875
ADI-47064,VL,16,6,0.375
ADI-47065,VH,16,5,0.3125
ADI-47065,VL,16,3,0.1875
ADI-47066,VH,16,4,0.25
ADI-47066,VL,16,3,0.1875
ADI-47067,VH,16,3,0.1875
ADI-47067,VL,16,4,0.25
ADI-47068,VH,16,3,0.1875
ADI-47068,VL,16,1,0.0625
ADI-47069,VH,16,4,0.25
ADI-47069,VL,16,6,0.375
ADI-47070,VH,16,4,0.25
ADI-47070,VL,16,3,0.1875
ADI-47071,VH,16,5,0.3125
ADI-47071,VL,16,11,0.6875
ADI-47072,VH,16,4,0.25
ADI-47072,VL,16,4,0.25
ADI-47073,VH,16,7,0.4375
ADI-47073,VL,16,1,0.0625
ADI-47074,VH,16,5,0.3125
ADI-47074,VL,16,6,0.375
ADI-47075,VH,16,1,0.0625
ADI-47075,VL,16,7,0.4375
ADI-47076,VH,16,3,0.1875
ADI-47076,VL,16,6,0.375
ADI-47077,VH,16,7,0.4375
ADI-47077,VL,16,4,0.25
ADI-47078,VH,16,7,0.4375
ADI-47078,VL,16,5,0.3125
ADI-47079,VH,16,5,0.3125
ADI-47079,VL,16,3,0.1875
ADI-47081,VH,16,2,0.125
ADI-47081,VL,16,5,0.3125
ADI-47082,VH,16,9,0.5625
ADI-47082,VL,16,5,0.3125
ADI-47083,VH,16,4,0.25
ADI-47083,VL,16,2,0.125
ADI-47084,VH,16,5,0.3125
ADI-47084,VL,16,5,0.3125
ADI-47085,VH,64,59,0.921875
ADI-47085,VL,64,63,0.984375
ADI-47087,VH,16,2,0.125
ADI-47087,VL,16,5,0.3125
ADI-47089,VH,16,3,0.1875
ADI-47089,VL,16,3,0.1875
ADI-47090,VH,16,7,0.4375
ADI-47090,VL,16,4,0.25
ADI-47091,VH,16,1,0.0625
ADI-47091,VL,16,7,0.4375
ADI-47092,VH,16,7,0.4375
ADI-47092,VL,16,1,0.0625
ADI-47093,VH,16,1,0.0625
ADI-47093,VL,16,3,0.1875
ADI-47094,VH,16,3,0.1875
ADI-47094,VL,16,3,0.1875
ADI-47095,VH,16,4,0.25
ADI-47095,VL,16,6,0.375
ADI-47096,VH,16,2,0.125
ADI-47096,VL,16,4,0.25
ADI-47097,VH,16,2,0.125
ADI-47097,VL,16,2,0.125
ADI-47098,VH,16,1,0.0625
ADI-47098,VL,16,6,0.375
ADI-47099,VH,16,1,0.0625
ADI-47099,VL,16,7,0.4375
ADI-47100,VH,16,5,0.3125
ADI-47100,VL,16,2,0.125
ADI-47102,VH,16,5,0.3125
ADI-47102,VL,16,3,0.1875
ADI-47103,VH,16,4,0.25
ADI-47103,VL,16,3,0.1875
ADI-47104,VH,16,5,0.3125
ADI-47104,VL,16,-1,
ADI-47105,VH,16,5,0.3125
ADI-47105,VL,16,4,0.25
ADI-47106,VH,16,2,0.125
ADI-47106,VL,16,6,0.375
ADI-47107,VH,16,5,0.3125
ADI-47107,VL,16,5,0.3125
ADI-47109,VH,16,6,0.375
ADI-47109,VL,16,7,0.4375
ADI-47111,VH,16,6,0.375
ADI-47111,VL,16,4,0.25
ADI-47112,VH,16,9,0.5625
ADI-47112,VL,16,4,0.25
ADI-47113,VH,16,8,0.5
ADI-47113,VL,16,7,0.4375
ADI-47114,VH,16,5,0.3125
ADI-47114,VL,16,5,0.3125
ADI-47116,VH,16,8,0.5
ADI-47116,VL,16,3,0.1875
ADI-47117,VH,16,4,0.25
ADI-47117,VL,16,6,0.375
ADI-47118,VH,16,3,0.1875
ADI-47118,VL,16,8,0.5
ADI-47119,VH,16,5,0.3125
ADI-47119,VL,16,5,0.3125
ADI-47120,VH,16,3,0.1875
ADI-47120,VL,16,3,0.1875
ADI-47121,VH,16,1,0.0625
ADI-47121,VL,16,1,0.0625
ADI-47122,VH,16,4,0.25
ADI-47122,VL,16,1,0.0625
ADI-47123,VH,16,3,0.1875
ADI-47123,VL,16,7,0.4375
ADI-47124,VH,16,7,0.4375
ADI-47124,VL,16,10,0.625
ADI-47125,VH,16,4,0.25
ADI-47125,VL,16,1,0.0625
ADI-47126,VH,16,5,0.3125
ADI-47126,VL,16,6,0.375
ADI-47127,VH,16,7,0.4375
ADI-47127,VL,16,6,0.375
ADI-47129,VH,16,3,0.1875
ADI-47129,VL,16,6,0.375
ADI-47130,VH,16,5,0.3125
ADI-47130,VL,16,8,0.5
ADI-47131,VH,16,3,0.1875
ADI-47131,VL,16,6,0.375
ADI-47132,VH,16,8,0.5
ADI-47132,VL,16,6,0.375
ADI-47133,VH,16,10,0.625
ADI-47133,VL,16,2,0.125
ADI-47134,VH,16,8,0.5
ADI-47134,VL,16,4,0.25
ADI-47135,VH,64,59,0.921875
ADI-47135,VL,64,64,1.0
ADI-47137,VH,16,4,0.25
ADI-47137,VL,16,8,0.5
ADI-47139,VH,16,4,0.25
ADI-47139,VL,16,4,0.25
ADI-47140,VH,16,2,0.125
ADI-47140,VL,16,6,0.375
ADI-47141,VH,16,10,0.625
ADI-47141,VL,16,2,0.125
ADI-47143,VH,64,61,0.953125
ADI-47143,VL,64,64,1.0
ADI-47145,VH,16,3,0.1875
ADI-47145,VL,16,4,0.25
ADI-47146,VH,16,2,0.125
ADI-47146,VL,16,6,0.375
ADI-47147,VH,16,2,0.125
ADI-47147,VL,16,8,0.5
ADI-47148,VH,64,63,0.984375
ADI-47148,VL,64,64,1.0
ADI-47149,VH,16,5,0.3125
ADI-47149,VL,16,4,0.25
ADI-47151,VH,16,7,0.4375
ADI-47151,VL,16,3,0.1875
ADI-47152,VH,16,8,0.5
ADI-47152,VL,16,3,0.1875
ADI-47153,VH,16,3,0.1875
ADI-47153,VL,16,1,0.0625
ADI-47154,VH,16,7,0.4375
ADI-47154,VL,16,5,0.3125
ADI-47155,VH,16,3,0.1875
ADI-47155,VL,16,4,0.25
ADI-47156,VH,16,1,0.0625
ADI-47156,VL,16,4,0.25
ADI-47158,VH,16,9,0.5625
ADI-47158,VL,16,5,0.3125
ADI-47159,VH,16,5,0.3125
ADI-47159,VL,16,4,0.25
ADI-47160,VH,16,10,0.625
ADI-47160,VL,16,6,0.375
ADI-47161,VH,16,1,0.0625
ADI-47161,VL,16,3,0.1875
ADI-47162,VH,16,9,0.5625
ADI-47162,VL,16,6,0.375
ADI-47163,VH,16,6,0.375
ADI-47163,VL,16,5,0.3125
ADI-47165,VH,16,1,0.0625
ADI-47165,VL,16,7,0.4375
ADI-47166,VH,16,2,0.125
ADI-47166,VL,16,8,0.5
ADI-47173,VH,16,4,0.25
ADI-47173,VL,16,4,0.25
ADI-47174,VH,16,4,0.25
ADI-47174,VL,16,2,0.125
ADI-47175,VH,16,1,0.0625
ADI-47175,VL,16,4,0.25
ADI-47176,VH,16,5,0.3125
ADI-47176,VL,16,5,0.3125
ADI-47177,VH,16,2,0.125
ADI-47177,VL,16,2,0.125
ADI-47178,VH,16,2,0.125
ADI-47178,VL,16,6,0.375
ADI-47179,VH,16,4,0.25
ADI-47179,VL,16,4,0.25
ADI-47180,VH,16,3,0.1875
ADI-47180,VL,16,4,0.25
ADI-47181,VH,16,1,0.0625
ADI-47181,VL,16,5,0.3125
ADI-47182,VH,16,4,0.25
ADI-47182,VL,16,7,0.4375
ADI-47183,VH,16,3,0.1875
ADI-47183,VL,16,8,0.5
ADI-47184,VH,16,4,0.25
ADI-47184,VL,16,4,0.25
ADI-47186,VH,16,5,0.3125
ADI-47186,VL,16,3,0.1875
ADI-47187,VH,16,2,0.125
ADI-47187,VL,16,4,0.25
ADI-47188,VH,16,5,0.3125
ADI-47188,VL,16,6,0.375
ADI-47189,VH,16,9,0.5625
ADI-47189,VL,16,1,0.0625
ADI-47190,VH,16,5,0.3125
ADI-47190,VL,16,3,0.1875
ADI-47191,VH,16,6,0.375
ADI-47191,VL,16,3,0.1875
ADI-47192,VH,16,5,0.3125
ADI-47192,VL,16,4,0.25
ADI-47193,VH,16,4,0.25
ADI-47193,VL,16,6,0.375
ADI-47194,VH,16,7,0.4375
ADI-47194,VL,16,6,0.375
ADI-47195,VH,16,2,0.125
ADI-47195,VL,16,4,0.25
ADI-47196,VH,16,6,0.375
ADI-47196,VL,16,4,0.25
ADI-47197,VH,16,6,0.375
ADI-47197,VL,16,3,0.1875
ADI-47198,VH,16,8,0.5
ADI-47198,VL,16,4,0.25
ADI-47199,VH,16,11,0.6875
ADI-47199,VL,16,6,0.375
ADI-47200,VH,16,4,0.25
ADI-47200,VL,16,6,0.375
ADI-47201,VH,16,2,0.125
ADI-47201,VL,16,1,0.0625
ADI-47202,VH,16,4,0.25
ADI-47202,VL,16,3,0.1875
ADI-47203,VH,16,1,0.0625
ADI-47203,VL,16,2,0.125
ADI-47204,VH,16,4,0.25
ADI-47204,VL,16,3,0.1875
ADI-47205,VH,16,2,0.125
ADI-47205,VL,16,1,0.0625
ADI-47206,VH,16,2,0.125
ADI-47206,VL,16,8,0.5
ADI-47207,VH,16,6,0.375
ADI-47207,VL,16,5,0.3125
ADI-47208,VH,16,2,0.125
ADI-47208,VL,16,8,0.5
ADI-47209,VH,16,7,0.4375
ADI-47209,VL,16,3,0.1875
ADI-47212,VH,16,6,0.375
ADI-47212,VL,16,3,0.1875
ADI-47213,VH,16,6,0.375
ADI-47213,VL,16,6,0.375
ADI-47214,VH,16,1,0.0625
ADI-47214,VL,16,4,0.25
ADI-47215,VH,16,3,0.1875
ADI-47215,VL,16,9,0.5625
ADI-47216,VH,16,6,0.375
ADI-47216,VL,16,5,0.3125
ADI-47217,VH,16,2,0.125
ADI-47217,VL,16,8,0.5
ADI-47218,VH,16,4,0.25
ADI-47218,VL,16,7,0.4375
ADI-47219,VH,64,64,1.0
ADI-47219,VL,64,63,0.984375
ADI-47220,VH,16,6,0.375
ADI-47220,VL,16,10,0.625
ADI-47221,VH,16,1,0.0625
ADI-47221,VL,16,2,0.125
ADI-47222,VH,16,5,0.3125
ADI-47222,VL,16,2,0.125
ADI-47223,VH,16,4,0.25
ADI-47223,VL,16,3,0.1875
ADI-47224,VH,16,2,0.125
ADI-47224,VL,16,5,0.3125
ADI-47225,VH,16,7,0.4375
ADI-47225,VL,16,8,0.5
ADI-47226,VH,16,11,0.6875
ADI-47226,VL,16,6,0.375
ADI-47227,VH,16,6,0.375
ADI-47227,VL,16,-1,
ADI-47228,VH,16,2,0.125
ADI-47228,VL,16,3,0.1875
ADI-47229,VH,16,7,0.4375
ADI-47229,VL,16,3,0.1875
ADI-47230,VH,16,4,0.25
ADI-47230,VL,16,6,0.375
ADI-47231,VH,16,2,0.125
ADI-47231,VL,16,5,0.3125
ADI-47232,VH,16,1,0.0625
ADI-47232,VL,16,4,0.25
ADI-47233,VH,64,59,0.921875
ADI-47233,VL,64,59,0.921875
ADI-47234,VH,16,4,0.25
ADI-47234,VL,16,-1,
ADI-47235,VH,16,8,0.5
ADI-47235,VL,16,6,0.375
ADI-47236,VH,16,6,0.375
ADI-47236,VL,16,4,0.25
ADI-47237,VH,16,1,0.0625
ADI-47237,VL,16,4,0.25
ADI-47238,VH,16,9,0.5625
ADI-47238,VL,16,4,0.25
ADI-47239,VH,16,2,0.125
ADI-47239,VL,16,4,0.25
ADI-47240,VH,16,2,0.125
ADI-47240,VL,16,4,0.25
ADI-47241,VH,16,4,0.25
ADI-47241,VL,16,3,0.1875
ADI-47243,VH,16,1,0.0625
ADI-47243,VL,16,5,0.3125
ADI-47244,VH,16,2,0.125
ADI-47244,VL,16,8,0.5
ADI-47246,VH,128,125,0.9765625
ADI-47246,VL,128,126,0.984375
ADI-47247,VH,16,9,0.5625
ADI-47247,VL,16,5,0.3125
ADI-47248,VH,16,2,0.125
ADI-47248,VL,16,12,0.75
ADI-47249,VH,16,10,0.625
ADI-47249,VL,16,5,0.3125
ADI-47250,VH,16,1,0.0625
ADI-47250,VL,16,4,0.25
ADI-47251,VH,64,59,0.921875
ADI-47251,VL,64,63,0.984375
ADI-47252,VH,16,4,0.25
ADI-47252,VL,16,7,0.4375
ADI-47253,VH,16,7,0.4375
ADI-47253,VL,16,6,0.375
ADI-47254,VH,16,8,0.5
ADI-47254,VL,16,4,0.25
ADI-47255,VH,16,7,0.4375
ADI-47255,VL,16,3,0.1875
ADI-47256,VH,64,63,0.984375
ADI-47256,VL,64,57,0.890625
ADI-47257,VH,16,1,0.0625
ADI-47257,VL,16,4,0.25
ADI-47258,VH,16,1,0.0625
ADI-47258,VL,16,2,0.125
ADI-47259,VH,16,3,0.1875
ADI-47259,VL,16,3,0.1875
ADI-47260,VH,16,4,0.25
ADI-47260,VL,16,1,0.0625
ADI-47261,VH,16,9,0.5625
ADI-47261,VL,16,6,0.375
ADI-47262,VH,16,2,0.125
ADI-47262,VL,16,3,0.1875
ADI-47263,VH,16,2,0.125
ADI-47263,VL,16,9,0.5625
ADI-47264,VH,16,11,0.6875
ADI-47264,VL,16,7,0.4375
ADI-47265,VH,16,13,0.8125
ADI-47265,VL,16,2,0.125
ADI-47267,VH,16,9,0.5625
ADI-47267,VL,16,5,0.3125
ADI-47278,VH,16,6,0.375
ADI-47278,VL,16,2,0.125
ADI-47279,VH,16,5,0.3125
ADI-47279,VL,16,5,0.3125
ADI-47280,VH,16,13,0.8125
ADI-47280,VL,16,4,0.25
ADI-47281,VH,16,2,0.125
ADI-47281,VL,16,4,0.25
ADI-47282,VH,16,1,0.0625
ADI-47282,VL,16,2,0.125
ADI-47283,VH,16,-1,
ADI-47283,VL,16,5,0.3125
ADI-47284,VH,16,6,0.375
ADI-47284,VL,16,3,0.1875
ADI-47285,VH,16,6,0.375
ADI-47285,VL,16,7,0.4375
ADI-47286,VH,16,6,0.375
ADI-47286,VL,16,4,0.25
ADI-47287,VH,16,2,0.125
ADI-47287,VL,16,2,0.125
ADI-47288,VH,16,5,0.3125
ADI-47288,VL,16,8,0.5
ADI-47289,VH,16,2,0.125
ADI-47289,VL,16,3,0.1875
ADI-47290,VH,16,7,0.4375
ADI-47290,VL,16,7,0.4375
ADI-47291,VH,16,3,0.1875
ADI-47291,VL,16,5,0.3125
ADI-47292,VH,16,6,0.375
ADI-47292,VL,16,3,0.1875
ADI-47293,VH,16,14,0.875
ADI-47293,VL,16,1,0.0625
ADI-47294,VH,16,4,0.25
ADI-47294,VL,16,5,0.3125
ADI-47295,VH,16,3,0.1875
ADI-47295,VL,16,5,0.3125
ADI-47296,VH,16,1,0.0625
ADI-47296,VL,16,4,0.25
ADI-47297,VH,16,7,0.4375
ADI-47297,VL,16,9,0.5625
ADI-47298,VH,16,5,0.3125
ADI-47298,VL,16,6,0.375
ADI-47299,VH,16,7,0.4375
ADI-47299,VL,16,3,0.1875
ADI-47300,VH,16,5,0.3125
ADI-47300,VL,16,7,0.4375
ADI-47301,VH,16,1,0.0625
ADI-47301,VL,16,5,0.3125
ADI-47302,VH,16,5,0.3125
ADI-47302,VL,16,6,0.375
ADI-47303,VH,16,2,0.125
ADI-47303,VL,16,4,0.25
ADI-47304,VH,16,7,0.4375
ADI-47304,VL,16,4,0.25
ADI-47305,VH,16,3,0.1875
ADI-47305,VL,16,4,0.25
ADI-47306,VH,16,4,0.25
ADI-47306,VL,16,1,0.0625
ADI-47307,VH,16,4,0.25
ADI-47307,VL,16,2,0.125
ADI-47308,VH,16,6,0.375
ADI-47308,VL,16,5,0.3125
ADI-47309,VH,64,64,1.0
ADI-47309,VL,64,63,0.984375
ADI-47310,VH,16,3,0.1875
ADI-47310,VL,16,5,0.3125
ADI-47311,VH,16,6,0.375
ADI-47311,VL,16,2,0.125
ADI-47312,VH,16,8,0.5
ADI-47312,VL,16,4,0.25
ADI-47313,VH,16,1,0.0625
ADI-47313,VL,16,8,0.5
ADI-47316,VH,16,4,0.25
ADI-47316,VL,16,1,0.0625
ADI-47317,VH,16,5,0.3125
ADI-47317,VL,16,9,0.5625
