target,model_a,model_b,residual_pearson,residual_spearman
TmApp,TmApp__esm1b__HL__RidgeOpt,TmApp__esm1b__HL__SVROpt,0.9288035787051152,0.927929987679254
TmApp,TmApp__esm1b__HL__RidgeOpt,TmApp__esm2__HL__RidgeOpt,0.8291225722520812,0.7975615366919715
TmApp,TmApp__esm1b__HL__RidgeOpt,TmApp__esm2__HL__SVROpt,0.9139589994342433,0.8881677089199095
TmApp,TmApp__esm1b__HL__RidgeOpt,TmApp__ablang2__HL__RidgeOpt,0.8138550561442776,0.7714381683440098
TmApp,TmApp__esm1b__HL__RidgeOpt,TmApp__ablang2__HL__SVROpt,0.7734861080524748,0.7215596116636394
TmApp,TmApp__esm1b__HL__RidgeOpt,TmApp__ablang2__HL_paired__RidgeOpt,0.8000031200837474,0.7534354840303094
TmApp,TmApp__esm1b__HL__RidgeOpt,TmApp__ablang2__HL_paired__SVROpt,0.8329122583509231,0.791769515962634
TmApp,TmApp__esm1b__HL__RidgeOpt,TmApp__FUSION__ablang2__HL_paired__SEQ_BASIC__SVROpt,0.8843337491373593,0.8538672040939312
TmApp,TmApp__esm1b__HL__RidgeOpt,TmApp__FUSION__ablang2__HL_paired__ANN_CDR_LENGTH__SVROpt,0.8529170299885599,0.812964585970721
TmApp,TmApp__esm1b__HL__RidgeOpt,TmApp__FUSION__ablang2__HL_paired__ANN_GERMLINE__SVROpt,0.8496962500920142,0.8102238198263805
TmApp,TmApp__esm1b__HL__RidgeOpt,TmApp__FUSION__esm1b__HL__SEQ_BASIC__SVROpt,0.910907899818366,0.8935843208982713
TmApp,TmApp__esm1b__HL__RidgeOpt,TmApp__FUSION__esm1b__HL__ANN_CDR_LENGTH__SVROpt,0.9284165289483752,0.9259061675706114
TmApp,TmApp__esm1b__HL__RidgeOpt,TmApp__FUSION__esm1b__HL__ANN_GERMLINE__SVROpt,0.9156424562922691,0.902475580789798
TmApp,TmApp__esm1b__HL__RidgeOpt,TmApp__FUSION__esm2__HL__SEQ_BASIC__SVROpt,0.8736572622177765,0.846474756584119
TmApp,TmApp__esm1b__HL__RidgeOpt,TmApp__FUSION__esm2__HL__ANN_CDR_LENGTH__SVROpt,0.8826579817930861,0.8559728802460196
TmApp,TmApp__esm1b__HL__RidgeOpt,TmApp__FUSION__esm2__HL__ANN_GERMLINE__SVROpt,0.8841177485845467,0.8594644638923112
TmApp,TmApp__esm1b__HL__RidgeOpt,STAGE1_TmApp,0.9017652604595583,0.8731231326590088
TmApp,TmApp__esm1b__HL__SVROpt,TmApp__esm2__HL__RidgeOpt,0.8366458902310078,0.8150843752337483
TmApp,TmApp__esm1b__HL__SVROpt,TmApp__esm2__HL__SVROpt,0.958090371056825,0.9447217670743944
TmApp,TmApp__esm1b__HL__SVROpt,TmApp__ablang2__HL__RidgeOpt,0.8094810066474232,0.7947671407260631
TmApp,TmApp__esm1b__HL__SVROpt,TmApp__ablang2__HL__SVROpt,0.7742209774103456,0.7496136535880467
TmApp,TmApp__esm1b__HL__SVROpt,TmApp__ablang2__HL_paired__RidgeOpt,0.7933230488786631,0.7618045588170954
TmApp,TmApp__esm1b__HL__SVROpt,TmApp__ablang2__HL_paired__SVROpt,0.8194288831704443,0.7907223231309655
TmApp,TmApp__esm1b__HL__SVROpt,TmApp__FUSION__ablang2__HL_paired__SEQ_BASIC__SVROpt,0.874600139298561,0.8383117332170412
TmApp,TmApp__esm1b__HL__SVROpt,TmApp__FUSION__ablang2__HL_paired__ANN_CDR_LENGTH__SVROpt,0.8441536286072494,0.8123436090894078
TmApp,TmApp__esm1b__HL__SVROpt,TmApp__FUSION__ablang2__HL_paired__ANN_GERMLINE__SVROpt,0.8322246239136648,0.8015442565989378
TmApp,TmApp__esm1b__HL__SVROpt,TmApp__FUSION__esm1b__HL__SEQ_BASIC__SVROpt,0.9432391415455513,0.9282150725202205
TmApp,TmApp__esm1b__HL__SVROpt,TmApp__FUSION__esm1b__HL__ANN_CDR_LENGTH__SVROpt,0.9987963229908685,0.9983346529092061
TmApp,TmApp__esm1b__HL__SVROpt,TmApp__FUSION__esm1b__HL__ANN_GERMLINE__SVROpt,0.9394508814955681,0.9249662343820785
TmApp,TmApp__esm1b__HL__SVROpt,TmApp__FUSION__esm2__HL__SEQ_BASIC__SVROpt,0.917852602836825,0.9029638944282848
TmApp,TmApp__esm1b__HL__SVROpt,TmApp__FUSION__esm2__HL__ANN_CDR_LENGTH__SVROpt,0.9264731552534251,0.9117196684547979
TmApp,TmApp__esm1b__HL__SVROpt,TmApp__FUSION__esm2__HL__ANN_GERMLINE__SVROpt,0.9280634079899442,0.914886650549494
TmApp,TmApp__esm1b__HL__SVROpt,STAGE1_TmApp,0.9224554691704675,0.8934064957004407
TmApp,TmApp__esm2__HL__RidgeOpt,TmApp__esm2__HL__SVROpt,0.8781423843312562,0.857355965118035
TmApp,TmApp__esm2__HL__RidgeOpt,TmApp__ablang2__HL__RidgeOpt,0.7607266498001194,0.7152623415626883
TmApp,TmApp__esm2__HL__RidgeOpt,TmApp__ablang2__HL__SVROpt,0.7248525758324671,0.6766291116784582
TmApp,TmApp__esm2__HL__RidgeOpt,TmApp__ablang2__HL_paired__RidgeOpt,0.7224855518773543,0.6617567153710124
TmApp,TmApp__esm2__HL__RidgeOpt,TmApp__ablang2__HL_paired__SVROpt,0.7571474829009851,0.7032295031761556
TmApp,TmApp__esm2__HL__RidgeOpt,TmApp__FUSION__ablang2__HL_paired__SEQ_BASIC__SVROpt,0.8117021662355066,0.768426430469642
TmApp,TmApp__esm2__HL__RidgeOpt,TmApp__FUSION__ablang2__HL_paired__ANN_CDR_LENGTH__SVROpt,0.7882283786998776,0.7412982086228286
TmApp,TmApp__esm2__HL__RidgeOpt,TmApp__FUSION__ablang2__HL_paired__ANN_GERMLINE__SVROpt,0.770171086531123,0.7215793700189538
TmApp,TmApp__esm2__HL__RidgeOpt,TmApp__FUSION__esm1b__HL__SEQ_BASIC__SVROpt,0.8275326316070444,0.8040592129682553
TmApp,TmApp__esm2__HL__RidgeOpt,TmApp__FUSION__esm1b__HL__ANN_CDR_LENGTH__SVROpt,0.8346110227047931,0.8142093623555345
TmApp,TmApp__esm2__HL__RidgeOpt,TmApp__FUSION__esm1b__HL__ANN_GERMLINE__SVROpt,0.8049455870958787,0.7734986825410938
TmApp,TmApp__esm2__HL__RidgeOpt,TmApp__FUSION__esm2__HL__SEQ_BASIC__SVROpt,0.917799403634527,0.9000791745523673
TmApp,TmApp__esm2__HL__RidgeOpt,TmApp__FUSION__esm2__HL__ANN_CDR_LENGTH__SVROpt,0.9115056110242191,0.8917863105646515
TmApp,TmApp__esm2__HL__RidgeOpt,TmApp__FUSION__esm2__HL__ANN_GERMLINE__SVROpt,0.9108034874841684,0.892014942961862
TmApp,TmApp__esm2__HL__RidgeOpt,STAGE1_TmApp,0.8413196594408924,0.8134303186317057
TmApp,TmApp__esm2__HL__SVROpt,TmApp__ablang2__HL__RidgeOpt,0.8128370274129426,0.7968699942559638
TmApp,TmApp__esm2__HL__SVROpt,TmApp__ablang2__HL__SVROpt,0.7811134367546211,0.7523628875989505
TmApp,TmApp__esm2__HL__SVROpt,TmApp__ablang2__HL_paired__RidgeOpt,0.7964796748071095,0.7683417518040083
TmApp,TmApp__esm2__HL__SVROpt,TmApp__ablang2__HL_paired__SVROpt,0.8257618257820674,0.7868017009121303
TmApp,TmApp__esm2__HL__SVROpt,TmApp__FUSION__ablang2__HL_paired__SEQ_BASIC__SVROpt,0.8807248291451139,0.8367225969253176
TmApp,TmApp__esm2__HL__SVROpt,TmApp__FUSION__ablang2__HL_paired__ANN_CDR_LENGTH__SVROpt,0.851505312539344,0.8154400256294094
TmApp,TmApp__esm2__HL__SVROpt,TmApp__FUSION__ablang2__HL_paired__ANN_GERMLINE__SVROpt,0.8391732031459961,0.800962796428254
TmApp,TmApp__esm2__HL__SVROpt,TmApp__FUSION__esm1b__HL__SEQ_BASIC__SVROpt,0.9414099968590272,0.9230807227606375
TmApp,TmApp__esm2__HL__SVROpt,TmApp__FUSION__esm1b__HL__ANN_CDR_LENGTH__SVROpt,0.9619189680073388,0.9488851348013791
TmApp,TmApp__esm2__HL__SVROpt,TmApp__FUSION__esm1b__HL__ANN_GERMLINE__SVROpt,0.9316844053397553,0.9077849331250238
TmApp,TmApp__esm2__HL__SVROpt,TmApp__FUSION__esm2__HL__SEQ_BASIC__SVROpt,0.9753530311540841,0.9717596650111988
TmApp,TmApp__esm2__HL__SVROpt,TmApp__FUSION__esm2__HL__ANN_CDR_LENGTH__SVROpt,0.9828703139371159,0.9802924518848765
TmApp,TmApp__esm2__HL__SVROpt,TmApp__FUSION__esm2__HL__ANN_GERMLINE__SVROpt,0.9830284530584524,0.980811814367429
TmApp,TmApp__esm2__HL__SVROpt,STAGE1_TmApp,0.9483798381789637,0.9230891906272007
TmApp,TmApp__ablang2__HL__RidgeOpt,TmApp__ablang2__HL__SVROpt,0.921150584349644,0.9176556429157122
TmApp,TmApp__ablang2__HL__RidgeOpt,TmApp__ablang2__HL_paired__RidgeOpt,0.886706372771908,0.8620895025269525
TmApp,TmApp__ablang2__HL__RidgeOpt,TmApp__ablang2__HL_paired__SVROpt,0.86984037262239,0.8542793069333479
TmApp,TmApp__ablang2__HL__RidgeOpt,TmApp__FUSION__ablang2__HL_paired__SEQ_BASIC__SVROpt,0.8777361264282347,0.8567547465920365
TmApp,TmApp__ablang2__HL__RidgeOpt,TmApp__FUSION__ablang2__HL_paired__ANN_CDR_LENGTH__SVROpt,0.8818343100181427,0.8628318521623403
TmApp,TmApp__ablang2__HL__RidgeOpt,TmApp__FUSION__ablang2__HL_paired__ANN_GERMLINE__SVROpt,0.8761437391243752,0.8579712967549724
TmApp,TmApp__ablang2__HL__RidgeOpt,TmApp__FUSION__esm1b__HL__SEQ_BASIC__SVROpt,0.7854566017097606,0.7658973609893854
TmApp,TmApp__ablang2__HL__RidgeOpt,TmApp__FUSION__esm1b__HL__ANN_CDR_LENGTH__SVROpt,0.813070988463509,0.8010220714941975
TmApp,TmApp__ablang2__HL__RidgeOpt,TmApp__FUSION__esm1b__HL__ANN_GERMLINE__SVROpt,0.7786663900710158,0.7614630215323733
TmApp,TmApp__ablang2__HL__RidgeOpt,TmApp__FUSION__esm2__HL__SEQ_BASIC__SVROpt,0.7953681925370941,0.7745656337280771
TmApp,TmApp__ablang2__HL__RidgeOpt,TmApp__FUSION__esm2__HL__ANN_CDR_LENGTH__SVROpt,0.7983497656016532,0.7744047442633732
TmApp,TmApp__ablang2__HL__RidgeOpt,TmApp__FUSION__esm2__HL__ANN_GERMLINE__SVROpt,0.8000640882180088,0.7765301787707763
TmApp,TmApp__ablang2__HL__RidgeOpt,STAGE1_TmApp,0.7962869344414013,0.7765866312145319
TmApp,TmApp__ablang2__HL__SVROpt,TmApp__ablang2__HL_paired__RidgeOpt,0.8572597306705193,0.8401577281278535
TmApp,TmApp__ablang2__HL__SVROpt,TmApp__ablang2__HL_paired__SVROpt,0.87247096523801,0.864883898492861
TmApp,TmApp__ablang2__HL__SVROpt,TmApp__FUSION__ablang2__HL_paired__SEQ_BASIC__SVROpt,0.8640696036621448,0.8479199391442657
TmApp,TmApp__ablang2__HL__SVROpt,TmApp__FUSION__ablang2__HL_paired__ANN_CDR_LENGTH__SVROpt,0.8747688850103602,0.8608644844974532
TmApp,TmApp__ablang2__HL__SVROpt,TmApp__FUSION__ablang2__HL_paired__ANN_GERMLINE__SVROpt,0.873327534420489,0.8600487466851832
TmApp,TmApp__ablang2__HL__SVROpt,TmApp__FUSION__esm1b__HL__SEQ_BASIC__SVROpt,0.7480773626273632,0.7106727578853479
TmApp,TmApp__ablang2__HL__SVROpt,TmApp__FUSION__esm1b__HL__ANN_CDR_LENGTH__SVROpt,0.78174416589163,0.7544572732622878
TmApp,TmApp__ablang2__HL__SVROpt,TmApp__FUSION__esm1b__HL__ANN_GERMLINE__SVROpt,0.7398780541880163,0.7050952564422823
TmApp,TmApp__ablang2__HL__SVROpt,TmApp__FUSION__esm2__HL__SEQ_BASIC__SVROpt,0.7673009544086574,0.7394889078004574
TmApp,TmApp__ablang2__HL__SVROpt,TmApp__FUSION__esm2__HL__ANN_CDR_LENGTH__SVROpt,0.7688239419579187,0.7385405067453614
TmApp,TmApp__ablang2__HL__SVROpt,TmApp__FUSION__esm2__HL__ANN_GERMLINE__SVROpt,0.7704484347729105,0.7394663268229553
TmApp,TmApp__ablang2__HL__SVROpt,STAGE1_TmApp,0.7726469216345798,0.7368525786770652
TmApp,TmApp__ablang2__HL_paired__RidgeOpt,TmApp__ablang2__HL_paired__SVROpt,0.9490205566764279,0.9424015716360342
TmApp,TmApp__ablang2__HL_paired__RidgeOpt,TmApp__FUSION__ablang2__HL_paired__SEQ_BASIC__SVROpt,0.911408478012384,0.9077200128147048
TmApp,TmApp__ablang2__HL_paired__RidgeOpt,TmApp__FUSION__ablang2__HL_paired__ANN_CDR_LENGTH__SVROpt,0.9419426826458662,0.9334425688120007
TmApp,TmApp__ablang2__HL_paired__RidgeOpt,TmApp__FUSION__ablang2__HL_paired__ANN_GERMLINE__SVROpt,0.9521901964150821,0.9465338905189533
TmApp,TmApp__ablang2__HL_paired__RidgeOpt,TmApp__FUSION__esm1b__HL__SEQ_BASIC__SVROpt,0.7553528025510062,0.7232757659538135
TmApp,TmApp__ablang2__HL_paired__RidgeOpt,TmApp__FUSION__esm1b__HL__ANN_CDR_LENGTH__SVROpt,0.7952069294739619,0.7656405023702969
TmApp,TmApp__ablang2__HL_paired__RidgeOpt,TmApp__FUSION__esm1b__HL__ANN_GERMLINE__SVROpt,0.7517785620318382,0.7196938583975128
TmApp,TmApp__ablang2__HL_paired__RidgeOpt,TmApp__FUSION__esm2__HL__SEQ_BASIC__SVROpt,0.7676514692566916,0.735652964247256
TmApp,TmApp__ablang2__HL_paired__RidgeOpt,TmApp__FUSION__esm2__HL__ANN_CDR_LENGTH__SVROpt,0.7740746371749376,0.7425542754963934
TmApp,TmApp__ablang2__HL_paired__RidgeOpt,TmApp__FUSION__esm2__HL__ANN_GERMLINE__SVROpt,0.7764510857371028,0.7450494735103964
TmApp,TmApp__ablang2__HL_paired__RidgeOpt,STAGE1_TmApp,0.7761437715448481,0.7364348305932727
TmApp,TmApp__ablang2__HL_paired__SVROpt,TmApp__FUSION__ablang2__HL_paired__SEQ_BASIC__SVROpt,0.9466542420223037,0.9410918749409013
TmApp,TmApp__ablang2__HL_paired__SVROpt,TmApp__FUSION__ablang2__HL_paired__ANN_CDR_LENGTH__SVROpt,0.9836778509794651,0.9777351561827422
TmApp,TmApp__ablang2__HL_paired__SVROpt,TmApp__FUSION__ablang2__HL_paired__ANN_GERMLINE__SVROpt,0.9969893977538135,0.9955515474320489
TmApp,TmApp__ablang2__HL_paired__SVROpt,TmApp__FUSION__esm1b__HL__SEQ_BASIC__SVROpt,0.7901832375421967,0.7431357356670774
TmApp,TmApp__ablang2__HL_paired__SVROpt,TmApp__FUSION__esm1b__HL__ANN_CDR_LENGTH__SVROpt,0.8243900907926467,0.7955828785383333
TmApp,TmApp__ablang2__HL_paired__SVROpt,TmApp__FUSION__esm1b__HL__ANN_GERMLINE__SVROpt,0.7870422327420857,0.7426954066057827
TmApp,TmApp__ablang2__HL_paired__SVROpt,TmApp__FUSION__esm2__HL__SEQ_BASIC__SVROpt,0.79446608153842,0.7512705328122773
TmApp,TmApp__ablang2__HL_paired__SVROpt,TmApp__FUSION__esm2__HL__ANN_CDR_LENGTH__SVROpt,0.8000517189633995,0.7574069134485245
TmApp,TmApp__ablang2__HL_paired__SVROpt,TmApp__FUSION__esm2__HL__ANN_GERMLINE__SVROpt,0.802149407928847,0.7597327541312604
TmApp,TmApp__ablang2__HL_paired__SVROpt,STAGE1_TmApp,0.8258703298011015,0.7747829756365364
TmApp,TmApp__FUSION__ablang2__HL_paired__SEQ_BASIC__SVROpt,TmApp__FUSION__ablang2__HL_paired__ANN_CDR_LENGTH__SVROpt,0.9606128349381746,0.9555916851195592
TmApp,TmApp__FUSION__ablang2__HL_paired__SEQ_BASIC__SVROpt,TmApp__FUSION__ablang2__HL_paired__ANN_GERMLINE__SVROpt,0.9546409841658178,0.9541380346928493
TmApp,TmApp__FUSION__ablang2__HL_paired__SEQ_BASIC__SVROpt,TmApp__FUSION__esm1b__HL__SEQ_BASIC__SVROpt,0.8612637900858156,0.815764627181005
TmApp,TmApp__FUSION__ablang2__HL_paired__SEQ_BASIC__SVROpt,TmApp__FUSION__esm1b__HL__ANN_CDR_LENGTH__SVROpt,0.8804836579235348,0.8442787565220213
TmApp,TmApp__FUSION__ablang2__HL_paired__SEQ_BASIC__SVROpt,TmApp__FUSION__esm1b__HL__ANN_GERMLINE__SVROpt,0.8486151709326788,0.7999494750628386
TmApp,TmApp__FUSION__ablang2__HL_paired__SEQ_BASIC__SVROpt,TmApp__FUSION__esm2__HL__SEQ_BASIC__SVROpt,0.8515317153692074,0.8055721384609087
TmApp,TmApp__FUSION__ablang2__HL_paired__SEQ_BASIC__SVROpt,TmApp__FUSION__esm2__HL__ANN_CDR_LENGTH__SVROpt,0.8546853200056326,0.808527423891521
TmApp,TmApp__FUSION__ablang2__HL_paired__SEQ_BASIC__SVROpt,TmApp__FUSION__esm2__HL__ANN_GERMLINE__SVROpt,0.8562150655203995,0.810706488220492
TmApp,TmApp__FUSION__ablang2__HL_paired__SEQ_BASIC__SVROpt,STAGE1_TmApp,0.9085465774360095,0.8667214255371097
TmApp,TmApp__FUSION__ablang2__HL_paired__ANN_CDR_LENGTH__SVROpt,TmApp__FUSION__ablang2__HL_paired__ANN_GERMLINE__SVROpt,0.9871806898817247,0.9838433105971116
TmApp,TmApp__FUSION__ablang2__HL_paired__ANN_CDR_LENGTH__SVROpt,TmApp__FUSION__esm1b__HL__SEQ_BASIC__SVROpt,0.8184492309901042,0.7719349498490602
TmApp,TmApp__FUSION__ablang2__HL_paired__ANN_CDR_LENGTH__SVROpt,TmApp__FUSION__esm1b__HL__ANN_CDR_LENGTH__SVROpt,0.8487797168261212,0.8189541902532033
TmApp,TmApp__FUSION__ablang2__HL_paired__ANN_CDR_LENGTH__SVROpt,TmApp__FUSION__esm1b__HL__ANN_GERMLINE__SVROpt,0.81422629986976,0.767884487009587
TmApp,TmApp__FUSION__ablang2__HL_paired__ANN_CDR_LENGTH__SVROpt,TmApp__FUSION__esm2__HL__SEQ_BASIC__SVROpt,0.821780926819973,0.7830080966917456
TmApp,TmApp__FUSION__ablang2__HL_paired__ANN_CDR_LENGTH__SVROpt,TmApp__FUSION__esm2__HL__ANN_CDR_LENGTH__SVROpt,0.826999320175701,0.7886618089338814
TmApp,TmApp__FUSION__ablang2__HL_paired__ANN_CDR_LENGTH__SVROpt,TmApp__FUSION__esm2__HL__ANN_GERMLINE__SVROpt,0.828846795360157,0.7906912742868998
TmApp,TmApp__FUSION__ablang2__HL_paired__ANN_CDR_LENGTH__SVROpt,STAGE1_TmApp,0.8496515972221521,0.8030374237362767
TmApp,TmApp__FUSION__ablang2__HL_paired__ANN_GERMLINE__SVROpt,TmApp__FUSION__esm1b__HL__SEQ_BASIC__SVROpt,0.8081763137384851,0.761203340291097
TmApp,TmApp__FUSION__ablang2__HL_paired__ANN_GERMLINE__SVROpt,TmApp__FUSION__esm1b__HL__ANN_CDR_LENGTH__SVROpt,0.836785114323623,0.8068592541785393
TmApp,TmApp__FUSION__ablang2__HL_paired__ANN_GERMLINE__SVROpt,TmApp__FUSION__esm1b__HL__ANN_GERMLINE__SVROpt,0.8047065080935174,0.7590637926727549
TmApp,TmApp__FUSION__ablang2__HL_paired__ANN_GERMLINE__SVROpt,TmApp__FUSION__esm2__HL__SEQ_BASIC__SVROpt,0.8095422433218722,0.767884487009587
TmApp,TmApp__FUSION__ablang2__HL_paired__ANN_GERMLINE__SVROpt,TmApp__FUSION__esm2__HL__ANN_CDR_LENGTH__SVROpt,0.8148603269261254,0.7737244923161168
TmApp,TmApp__FUSION__ablang2__HL_paired__ANN_GERMLINE__SVROpt,TmApp__FUSION__esm2__HL__ANN_GERMLINE__SVROpt,0.8168245280396375,0.7759346054891533
TmApp,TmApp__FUSION__ablang2__HL_paired__ANN_GERMLINE__SVROpt,STAGE1_TmApp,0.8396468425546163,0.7933727653652967
TmApp,TmApp__FUSION__esm1b__HL__SEQ_BASIC__SVROpt,TmApp__FUSION__esm1b__HL__ANN_CDR_LENGTH__SVROpt,0.9452918276822434,0.9287118540252709
TmApp,TmApp__FUSION__esm1b__HL__SEQ_BASIC__SVROpt,TmApp__FUSION__esm1b__HL__ANN_GERMLINE__SVROpt,0.9917220032931036,0.9854973671991544
TmApp,TmApp__FUSION__esm1b__HL__SEQ_BASIC__SVROpt,TmApp__FUSION__esm2__HL__SEQ_BASIC__SVROpt,0.9232908919449454,0.9155669024967504
TmApp,TmApp__FUSION__esm1b__HL__SEQ_BASIC__SVROpt,TmApp__FUSION__esm2__HL__ANN_CDR_LENGTH__SVROpt,0.9273636640819141,0.9168229693703153
TmApp,TmApp__FUSION__esm1b__HL__SEQ_BASIC__SVROpt,TmApp__FUSION__esm2__HL__ANN_GERMLINE__SVROpt,0.9283162037152424,0.9190330825433519
TmApp,TmApp__FUSION__esm1b__HL__SEQ_BASIC__SVROpt,STAGE1_TmApp,0.9236564464747725,0.8991533544747735
TmApp,TmApp__FUSION__esm1b__HL__ANN_CDR_LENGTH__SVROpt,TmApp__FUSION__esm1b__HL__ANN_GERMLINE__SVROpt,0.9419497160005138,0.9259315711703014
TmApp,TmApp__FUSION__esm1b__HL__ANN_CDR_LENGTH__SVROpt,TmApp__FUSION__esm2__HL__SEQ_BASIC__SVROpt,0.9184116891043451,0.9042566553902911
TmApp,TmApp__FUSION__esm1b__HL__ANN_CDR_LENGTH__SVROpt,TmApp__FUSION__esm2__HL__ANN_CDR_LENGTH__SVROpt,0.9272869481580699,0.9130745271049352
TmApp,TmApp__FUSION__esm1b__HL__ANN_CDR_LENGTH__SVROpt,TmApp__FUSION__esm2__HL__ANN_GERMLINE__SVROpt,0.9288359024917446,0.9161511852896221
TmApp,TmApp__FUSION__esm1b__HL__ANN_CDR_LENGTH__SVROpt,STAGE1_TmApp,0.9309032598280916,0.9024868712785491
TmApp,TmApp__FUSION__esm1b__HL__ANN_GERMLINE__SVROpt,TmApp__FUSION__esm2__HL__SEQ_BASIC__SVROpt,0.9023680546077116,0.8861495340556422
TmApp,TmApp__FUSION__esm1b__HL__ANN_GERMLINE__SVROpt,TmApp__FUSION__esm2__HL__ANN_CDR_LENGTH__SVROpt,0.909660831074552,0.8915859043893186
TmApp,TmApp__FUSION__esm1b__HL__ANN_GERMLINE__SVROpt,TmApp__FUSION__esm2__HL__ANN_GERMLINE__SVROpt,0.9109762360729126,0.8942927990674057
TmApp,TmApp__FUSION__esm1b__HL__ANN_GERMLINE__SVROpt,STAGE1_TmApp,0.9016536586129065,0.8647597031165982
TmApp,TmApp__FUSION__esm2__HL__SEQ_BASIC__SVROpt,TmApp__FUSION__esm2__HL__ANN_CDR_LENGTH__SVROpt,0.9988458459591618,0.9977193212722687
TmApp,TmApp__FUSION__esm2__HL__SEQ_BASIC__SVROpt,TmApp__FUSION__esm2__HL__ANN_GERMLINE__SVROpt,0.9986239328445026,0.9972902826997252
TmApp,TmApp__FUSION__esm2__HL__SEQ_BASIC__SVROpt,STAGE1_TmApp,0.9228440608927699,0.8985521359487751
TmApp,TmApp__FUSION__esm2__HL__ANN_CDR_LENGTH__SVROpt,TmApp__FUSION__esm2__HL__ANN_GERMLINE__SVROpt,0.9998729365256572,0.9996584627152778
TmApp,TmApp__FUSION__esm2__HL__ANN_CDR_LENGTH__SVROpt,STAGE1_TmApp,0.9244703179476799,0.8981372104871704
TmApp,TmApp__FUSION__esm2__HL__ANN_GERMLINE__SVROpt,STAGE1_TmApp,0.9243463254434394,0.8986396372365963
HIC,HIC__esm1b__HL__RidgeOpt,HIC__esm1b__HL__SVROpt,0.872777579874574,0.7246729639367676
HIC,HIC__esm1b__HL__RidgeOpt,HIC__esm1b__H__RidgeOpt,0.8772790609023984,0.7803717675683534
HIC,HIC__esm1b__HL__RidgeOpt,HIC__esm1b__H__SVROpt,0.8895221479342404,0.8014454648223653
HIC,HIC__esm1b__HL__RidgeOpt,HIC__esm2__HL__RidgeOpt,0.8855387825617165,0.8017107913080173
HIC,HIC__esm1b__HL__RidgeOpt,HIC__esm2__HL__SVROpt,0.8712279930663559,0.7236539973269769
HIC,HIC__esm1b__HL__RidgeOpt,HIC__esm2__H__RidgeOpt,0.8719584591844507,0.7741648213774113
HIC,HIC__esm1b__HL__RidgeOpt,HIC__esm2__H__SVROpt,0.8672348351674397,0.7536584711831444
HIC,HIC__esm1b__HL__RidgeOpt,HIC__ablang2__HL__RidgeOpt,0.8148203607990286,0.6277808120966296
HIC,HIC__esm1b__HL__RidgeOpt,HIC__ablang2__HL__SVROpt,0.8234193670173348,0.5811793197762789
HIC,HIC__esm1b__HL__RidgeOpt,HIC__ablang2__H__RidgeOpt,0.8341861501677742,0.6867595027104229
HIC,HIC__esm1b__HL__RidgeOpt,HIC__ablang2__H__SVROpt,0.8336600390686707,0.6297933417165212
HIC,HIC__esm1b__HL__RidgeOpt,HIC__ablang2__HL_paired__RidgeOpt,0.8207580078222899,0.6735326951384566
HIC,HIC__esm1b__HL__RidgeOpt,HIC__ablang2__HL_paired__SVROpt,0.8086311693705845,0.5846821939113216
HIC,HIC__esm1b__HL__RidgeOpt,HIC__FUSION__esm2__H__SEQ_ALL__SVROpt,0.8714757789134204,0.767633273634874
HIC,HIC__esm1b__HL__RidgeOpt,HIC__FUSION__esm2__H__SEQ_PLUS_ANTIBODY__SVROpt,0.891991581063891,0.7965990225259364
HIC,HIC__esm1b__HL__RidgeOpt,HIC__FUSION__esm2__H__SEQ_BASIC__SVROpt,0.8794037962783912,0.7669925383982465
HIC,HIC__esm1b__HL__RidgeOpt,HIC__FUSION__esm1b__H__SEQ_ALL__SVROpt,0.8905789456604754,0.8049398710908447
HIC,HIC__esm1b__HL__RidgeOpt,HIC__FUSION__esm1b__H__SEQ_PLUS_ANTIBODY__SVROpt,0.8931248459407316,0.812989989570411
HIC,HIC__esm1b__HL__RidgeOpt,HIC__FUSION__esm1b__H__SEQ_BASIC__SVROpt,0.8919453846469922,0.8058628685462508
HIC,HIC__esm1b__HL__RidgeOpt,HIC__FUSION__ablang2__H__SEQ_ALL__SVROpt,0.8443595643556207,0.6626853580707942
HIC,HIC__esm1b__HL__RidgeOpt,HIC__FUSION__ablang2__H__SEQ_PLUS_ANTIBODY__SVROpt,0.8562026382758511,0.7010899555578137
HIC,HIC__esm1b__HL__RidgeOpt,HIC__FUSION__ablang2__H__SEQ_BASIC__SVROpt,0.84308111769999,0.6599587050373927
HIC,HIC__esm1b__HL__RidgeOpt,STAGE1_HIC,0.8633120921361782,0.7192450614696546
HIC,HIC__esm1b__HL__SVROpt,HIC__esm1b__H__RidgeOpt,0.8088694674497481,0.5930173972318544
HIC,HIC__esm1b__HL__SVROpt,HIC__esm1b__H__SVROpt,0.9686582305825588,0.8818280994861416
HIC,HIC__esm1b__HL__SVROpt,HIC__esm2__HL__RidgeOpt,0.8256828023840009,0.6210008736015672
HIC,HIC__esm1b__HL__SVROpt,HIC__esm2__HL__SVROpt,0.99252235881682,0.9669470941810231
HIC,HIC__esm1b__HL__SVROpt,HIC__esm2__H__RidgeOpt,0.8320542242332718,0.6076442254089627
HIC,HIC__esm1b__HL__SVROpt,HIC__esm2__H__SVROpt,0.9499702841627997,0.8292031314170552
HIC,HIC__esm1b__HL__SVROpt,HIC__ablang2__HL__RidgeOpt,0.9113732666271139,0.7417244245731842
HIC,HIC__esm1b__HL__SVROpt,HIC__ablang2__HL__SVROpt,0.9814678743519477,0.9120329795176421
HIC,HIC__esm1b__HL__SVROpt,HIC__ablang2__H__RidgeOpt,0.9006975945098632,0.7142716011747753
HIC,HIC__esm1b__HL__SVROpt,HIC__ablang2__H__SVROpt,0.9739811572091644,0.8870301921782316
HIC,HIC__esm1b__HL__SVROpt,HIC__ablang2__HL_paired__RidgeOpt,0.8676989203950541,0.6839538162557633
HIC,HIC__esm1b__HL__SVROpt,HIC__ablang2__HL_paired__SVROpt,0.9552869386275888,0.8460570085003267
HIC,HIC__esm1b__HL__SVROpt,HIC__FUSION__esm2__H__SEQ_ALL__SVROpt,0.9589684528742032,0.8508244173754976
HIC,HIC__esm1b__HL__SVROpt,HIC__FUSION__esm2__H__SEQ_PLUS_ANTIBODY__SVROpt,0.9542575920412004,0.832624149508652
HIC,HIC__esm1b__HL__SVROpt,HIC__FUSION__esm2__H__SEQ_BASIC__SVROpt,0.9593565323185768,0.8469687154669817
HIC,HIC__esm1b__HL__SVROpt,HIC__FUSION__esm1b__H__SEQ_ALL__SVROpt,0.972247883455941,0.894247637112401
HIC,HIC__esm1b__HL__SVROpt,HIC__FUSION__esm1b__H__SEQ_PLUS_ANTIBODY__SVROpt,0.9758324734833012,0.9051486040016314
HIC,HIC__esm1b__HL__SVROpt,HIC__FUSION__esm1b__H__SEQ_BASIC__SVROpt,0.9715208075629094,0.8905387115576499
HIC,HIC__esm1b__HL__SVROpt,HIC__FUSION__ablang2__H__SEQ_ALL__SVROpt,0.9709984110694886,0.881215590471392
HIC,HIC__esm1b__HL__SVROpt,HIC__FUSION__ablang2__H__SEQ_PLUS_ANTIBODY__SVROpt,0.9628902126203301,0.8517389469643404
HIC,HIC__esm1b__HL__SVROpt,HIC__FUSION__ablang2__H__SEQ_BASIC__SVROpt,0.9726726909321188,0.8866660739160072
HIC,HIC__esm1b__HL__SVROpt,STAGE1_HIC,0.9717981329818409,0.8949561152815354
HIC,HIC__esm1b__H__RidgeOpt,HIC__esm1b__H__SVROpt,0.8638747262393471,0.7531983837665353
HIC,HIC__esm1b__H__RidgeOpt,HIC__esm2__HL__RidgeOpt,0.8340395596002093,0.7443522858300131
HIC,HIC__esm1b__H__RidgeOpt,HIC__esm2__HL__SVROpt,0.8144168545659891,0.6087281123290726
HIC,HIC__esm1b__H__RidgeOpt,HIC__esm2__H__RidgeOpt,0.8868014652015862,0.8163263289963744
HIC,HIC__esm1b__H__RidgeOpt,HIC__esm2__H__SVROpt,0.8430664437830409,0.705733169056722
HIC,HIC__esm1b__H__RidgeOpt,HIC__ablang2__HL__RidgeOpt,0.7614711778035959,0.5217433643680642
HIC,HIC__esm1b__H__RidgeOpt,HIC__ablang2__HL__SVROpt,0.7710609666476539,0.4921735743288157
HIC,HIC__esm1b__H__RidgeOpt,HIC__ablang2__H__RidgeOpt,0.8173108701327148,0.6492750800566218
HIC,HIC__esm1b__H__RidgeOpt,HIC__ablang2__H__SVROpt,0.7994469512725548,0.5687315559281416
HIC,HIC__esm1b__H__RidgeOpt,HIC__ablang2__HL_paired__RidgeOpt,0.8168372826178953,0.6787686592968001
HIC,HIC__esm1b__H__RidgeOpt,HIC__ablang2__HL_paired__SVROpt,0.7757196389876245,0.5367738275180259
HIC,HIC__esm1b__H__RidgeOpt,HIC__FUSION__esm2__H__SEQ_ALL__SVROpt,0.8369628526714507,0.7039266908565388
HIC,HIC__esm1b__H__RidgeOpt,HIC__FUSION__esm2__H__SEQ_PLUS_ANTIBODY__SVROpt,0.8703340379354406,0.7478551599650559
HIC,HIC__esm1b__H__RidgeOpt,HIC__FUSION__esm2__H__SEQ_BASIC__SVROpt,0.8552068274084905,0.7211333957132837
HIC,HIC__esm1b__H__RidgeOpt,HIC__FUSION__esm1b__H__SEQ_ALL__SVROpt,0.8613180894236516,0.7494922808339719
HIC,HIC__esm1b__H__RidgeOpt,HIC__FUSION__esm1b__H__SEQ_PLUS_ANTIBODY__SVROpt,0.8578819328309398,0.7424752420751354
HIC,HIC__esm1b__H__RidgeOpt,HIC__FUSION__esm1b__H__SEQ_BASIC__SVROpt,0.8645344015201087,0.7550951858767276
HIC,HIC__esm1b__H__RidgeOpt,HIC__FUSION__ablang2__H__SEQ_ALL__SVROpt,0.8124131989402992,0.5993824102653124
HIC,HIC__esm1b__H__RidgeOpt,HIC__FUSION__ablang2__H__SEQ_PLUS_ANTIBODY__SVROpt,0.8201618864543739,0.628582436797961
HIC,HIC__esm1b__H__RidgeOpt,HIC__FUSION__ablang2__H__SEQ_BASIC__SVROpt,0.8116688986377116,0.5958710682637063
HIC,HIC__esm1b__H__RidgeOpt,STAGE1_HIC,0.8137684642342559,0.6155729711344542
HIC,HIC__esm1b__H__SVROpt,HIC__esm2__HL__RidgeOpt,0.831532615000888,0.6789069677840016
HIC,HIC__esm1b__H__SVROpt,HIC__esm2__HL__SVROpt,0.9595457168300691,0.8449194917586489
HIC,HIC__esm1b__H__SVROpt,HIC__esm2__H__RidgeOpt,0.8584563618444976,0.700886726760293
HIC,HIC__esm1b__H__SVROpt,HIC__esm2__H__SVROpt,0.9671706857637221,0.905656675995433
HIC,HIC__esm1b__H__SVROpt,HIC__ablang2__HL__RidgeOpt,0.8839232729526663,0.6759799085752672
HIC,HIC__esm1b__H__SVROpt,HIC__ablang2__HL__SVROpt,0.9383529821440745,0.7428986354033034
HIC,HIC__esm1b__H__SVROpt,HIC__ablang2__H__RidgeOpt,0.9017765648279538,0.7301121568926316
HIC,HIC__esm1b__H__SVROpt,HIC__ablang2__H__SVROpt,0.9490085180345813,0.7897710994536815
HIC,HIC__esm1b__H__SVROpt,HIC__ablang2__HL_paired__RidgeOpt,0.8739364066804548,0.718657956054595
HIC,HIC__esm1b__H__SVROpt,HIC__ablang2__HL_paired__SVROpt,0.9231518502673377,0.7287685887312454
HIC,HIC__esm1b__H__SVROpt,HIC__FUSION__esm2__H__SEQ_ALL__SVROpt,0.9666210312985802,0.8961049225119644
HIC,HIC__esm1b__H__SVROpt,HIC__FUSION__esm2__H__SEQ_PLUS_ANTIBODY__SVROpt,0.9617061481290902,0.8860705006343844
HIC,HIC__esm1b__H__SVROpt,HIC__FUSION__esm2__H__SEQ_BASIC__SVROpt,0.9706955025163894,0.9054167531094712
HIC,HIC__esm1b__H__SVROpt,HIC__FUSION__esm1b__H__SEQ_ALL__SVROpt,0.9986529560240058,0.9946652440650839
HIC,HIC__esm1b__H__SVROpt,HIC__FUSION__esm1b__H__SEQ_PLUS_ANTIBODY__SVROpt,0.9966868937672831,0.9879304675250262
HIC,HIC__esm1b__H__SVROpt,HIC__FUSION__esm1b__H__SEQ_BASIC__SVROpt,0.9993330502467281,0.9973608482544198
HIC,HIC__esm1b__H__SVROpt,HIC__FUSION__ablang2__H__SEQ_ALL__SVROpt,0.9505227845805548,0.7946598810829273
HIC,HIC__esm1b__H__SVROpt,HIC__FUSION__ablang2__H__SEQ_PLUS_ANTIBODY__SVROpt,0.9475353308183652,0.7925203334645852
HIC,HIC__esm1b__H__SVROpt,HIC__FUSION__ablang2__H__SEQ_BASIC__SVROpt,0.950758314803971,0.7993990637362203
HIC,HIC__esm1b__H__SVROpt,STAGE1_HIC,0.9464234044323526,0.8093403390816035
HIC,HIC__esm2__HL__RidgeOpt,HIC__esm2__HL__SVROpt,0.8476002334653638,0.6815489421517695
HIC,HIC__esm2__HL__RidgeOpt,HIC__esm2__H__RidgeOpt,0.9289146032611484,0.8860789685009477
HIC,HIC__esm2__HL__RidgeOpt,HIC__esm2__H__SVROpt,0.8670575757533054,0.735283200740656
HIC,HIC__esm2__HL__RidgeOpt,HIC__ablang2__HL__RidgeOpt,0.787953854704157,0.5741058285736866
HIC,HIC__esm2__HL__RidgeOpt,HIC__ablang2__HL__SVROpt,0.7908379293712136,0.5223812769825039
HIC,HIC__esm2__HL__RidgeOpt,HIC__ablang2__H__RidgeOpt,0.8008176974992436,0.6226238813595443
HIC,HIC__esm2__HL__RidgeOpt,HIC__ablang2__H__SVROpt,0.7986932555265348,0.5554991031117997
HIC,HIC__esm2__HL__RidgeOpt,HIC__ablang2__HL_paired__RidgeOpt,0.7948629556394031,0.6045252278914589
HIC,HIC__esm2__HL__RidgeOpt,HIC__ablang2__HL_paired__SVROpt,0.7868010167185081,0.5413351849734885
HIC,HIC__esm2__HL__RidgeOpt,HIC__FUSION__esm2__H__SEQ_ALL__SVROpt,0.8641649777370586,0.7332593806320132
HIC,HIC__esm2__HL__RidgeOpt,HIC__FUSION__esm2__H__SEQ_PLUS_ANTIBODY__SVROpt,0.8896496868252592,0.7937989813156525
HIC,HIC__esm2__HL__RidgeOpt,HIC__FUSION__esm2__H__SEQ_BASIC__SVROpt,0.8772188683934229,0.7604186513228925
HIC,HIC__esm2__HL__RidgeOpt,HIC__FUSION__esm1b__H__SEQ_ALL__SVROpt,0.8377685549738442,0.6830533997778596
HIC,HIC__esm2__HL__RidgeOpt,HIC__FUSION__esm1b__H__SEQ_PLUS_ANTIBODY__SVROpt,0.8440549009743783,0.6979511996849953
HIC,HIC__esm2__HL__RidgeOpt,HIC__FUSION__esm1b__H__SEQ_BASIC__SVROpt,0.8374985748327565,0.6851139139749435
HIC,HIC__esm2__HL__RidgeOpt,HIC__FUSION__ablang2__H__SEQ_ALL__SVROpt,0.8085717040151434,0.5798696230811462
HIC,HIC__esm2__HL__RidgeOpt,HIC__FUSION__ablang2__H__SEQ_PLUS_ANTIBODY__SVROpt,0.8194432649572673,0.6151580456728496
HIC,HIC__esm2__HL__RidgeOpt,HIC__FUSION__ablang2__H__SEQ_BASIC__SVROpt,0.8072640405730415,0.5823027234070178
HIC,HIC__esm2__HL__RidgeOpt,STAGE1_HIC,0.8415259194620084,0.6582764222134722
HIC,HIC__esm2__HL__SVROpt,HIC__esm2__H__RidgeOpt,0.8537191395816998,0.6639188439668567
HIC,HIC__esm2__HL__SVROpt,HIC__esm2__H__SVROpt,0.9569291752848884,0.8437339904397786
HIC,HIC__esm2__HL__SVROpt,HIC__ablang2__HL__RidgeOpt,0.9146761191777287,0.7585698337898925
HIC,HIC__esm2__HL__SVROpt,HIC__ablang2__HL__SVROpt,0.983113499346966,0.9172012007434787
HIC,HIC__esm2__HL__SVROpt,HIC__ablang2__H__RidgeOpt,0.9006020454935146,0.7176305215782409
HIC,HIC__esm2__HL__SVROpt,HIC__ablang2__H__SVROpt,0.9722730373697288,0.8802587215497324
HIC,HIC__esm2__HL__SVROpt,HIC__ablang2__HL_paired__RidgeOpt,0.8734729495130714,0.6826723457825085
HIC,HIC__esm2__HL__SVROpt,HIC__ablang2__HL_paired__SVROpt,0.95715981732232,0.8469630702226061
HIC,HIC__esm2__HL__SVROpt,HIC__FUSION__esm2__H__SEQ_ALL__SVROpt,0.9636053273435009,0.8648980116037998
HIC,HIC__esm2__HL__SVROpt,HIC__FUSION__esm2__H__SEQ_PLUS_ANTIBODY__SVROpt,0.9631959710315063,0.8622588598582196
HIC,HIC__esm2__HL__SVROpt,HIC__FUSION__esm2__H__SEQ_BASIC__SVROpt,0.9672854558074115,0.8709017289972211
HIC,HIC__esm2__HL__SVROpt,HIC__FUSION__esm1b__H__SEQ_ALL__SVROpt,0.9640969628108551,0.8570765255214442
HIC,HIC__esm2__HL__SVROpt,HIC__FUSION__esm1b__H__SEQ_PLUS_ANTIBODY__SVROpt,0.9683700239562392,0.871881178896383
HIC,HIC__esm2__HL__SVROpt,HIC__FUSION__esm1b__H__SEQ_BASIC__SVROpt,0.9631448313263028,0.8534776822320167
HIC,HIC__esm2__HL__SVROpt,HIC__FUSION__ablang2__H__SEQ_ALL__SVROpt,0.9686981203822338,0.8725586082214516
HIC,HIC__esm2__HL__SVROpt,HIC__FUSION__ablang2__H__SEQ_PLUS_ANTIBODY__SVROpt,0.9618379422110325,0.8477138877245571
HIC,HIC__esm2__HL__SVROpt,HIC__FUSION__ablang2__H__SEQ_BASIC__SVROpt,0.9710716154096204,0.8773824695403784
HIC,HIC__esm2__HL__SVROpt,STAGE1_HIC,0.9766174302213473,0.9135769538543611
HIC,HIC__esm2__H__RidgeOpt,HIC__esm2__H__SVROpt,0.900392572299896,0.7766261479251609
HIC,HIC__esm2__H__RidgeOpt,HIC__ablang2__HL__RidgeOpt,0.7987553531423175,0.5983239269448926
HIC,HIC__esm2__H__RidgeOpt,HIC__ablang2__HL__SVROpt,0.8056303509340306,0.5346145215443695
HIC,HIC__esm2__H__RidgeOpt,HIC__ablang2__H__RidgeOpt,0.8303612231720653,0.6738262478459864
HIC,HIC__esm2__H__RidgeOpt,HIC__ablang2__H__SVROpt,0.824032601240086,0.6038082818557612
HIC,HIC__esm2__H__RidgeOpt,HIC__ablang2__HL_paired__RidgeOpt,0.8265975968251057,0.6813795848205024
HIC,HIC__esm2__H__RidgeOpt,HIC__ablang2__HL_paired__SVROpt,0.8154936992227207,0.5816563429260148
HIC,HIC__esm2__H__RidgeOpt,HIC__FUSION__esm2__H__SEQ_ALL__SVROpt,0.8717307594368998,0.7208991180716974
HIC,HIC__esm2__H__RidgeOpt,HIC__FUSION__esm2__H__SEQ_PLUS_ANTIBODY__SVROpt,0.9190518777779775,0.8233377225108353
HIC,HIC__esm2__H__RidgeOpt,HIC__FUSION__esm2__H__SEQ_BASIC__SVROpt,0.9079924534882138,0.7903977215793699
HIC,HIC__esm2__H__RidgeOpt,HIC__FUSION__esm1b__H__SEQ_ALL__SVROpt,0.8618261912009676,0.700172603346783
HIC,HIC__esm2__H__RidgeOpt,HIC__FUSION__esm1b__H__SEQ_PLUS_ANTIBODY__SVROpt,0.8641810396974553,0.7059476883429938
HIC,HIC__esm2__H__RidgeOpt,HIC__FUSION__esm1b__H__SEQ_BASIC__SVROpt,0.862546010145295,0.7030149838898838
HIC,HIC__esm2__H__RidgeOpt,HIC__FUSION__ablang2__H__SEQ_ALL__SVROpt,0.8331784055061127,0.624910205331651
HIC,HIC__esm2__H__RidgeOpt,HIC__FUSION__ablang2__H__SEQ_PLUS_ANTIBODY__SVROpt,0.838147108590705,0.6383345964567624
HIC,HIC__esm2__H__RidgeOpt,HIC__FUSION__ablang2__H__SEQ_BASIC__SVROpt,0.8332430738306353,0.6290679278142602
HIC,HIC__esm2__H__RidgeOpt,STAGE1_HIC,0.8397646387071245,0.638921701871822
HIC,HIC__esm2__H__SVROpt,HIC__ablang2__HL__RidgeOpt,0.8899182399662392,0.7175458429126074
HIC,HIC__esm2__H__SVROpt,HIC__ablang2__HL__SVROpt,0.9293396439787,0.7351025529206376
HIC,HIC__esm2__H__SVROpt,HIC__ablang2__H__RidgeOpt,0.8968295869976494,0.7451002807097766
HIC,HIC__esm2__H__SVROpt,HIC__ablang2__H__SVROpt,0.9379881110432424,0.7830560812689379
HIC,HIC__esm2__H__SVROpt,HIC__ablang2__HL_paired__RidgeOpt,0.8740827904902819,0.7242100538979707
HIC,HIC__esm2__H__SVROpt,HIC__ablang2__HL_paired__SVROpt,0.9171622166257692,0.7375667020905751
HIC,HIC__esm2__H__SVROpt,HIC__FUSION__esm2__H__SEQ_ALL__SVROpt,0.9725397590660056,0.9206193962128878
HIC,HIC__esm2__H__SVROpt,HIC__FUSION__esm2__H__SEQ_PLUS_ANTIBODY__SVROpt,0.9783710433899552,0.9402761371286311
HIC,HIC__esm2__H__SVROpt,HIC__FUSION__esm2__H__SEQ_BASIC__SVROpt,0.994616293074568,0.9852207502247512
HIC,HIC__esm2__H__SVROpt,HIC__FUSION__esm1b__H__SEQ_ALL__SVROpt,0.9702293261821103,0.9061224086564177
HIC,HIC__esm2__H__SVROpt,HIC__FUSION__esm1b__H__SEQ_PLUS_ANTIBODY__SVROpt,0.9712144235087372,0.9087305115579322
HIC,HIC__esm2__H__SVROpt,HIC__FUSION__esm1b__H__SEQ_BASIC__SVROpt,0.9698387549422309,0.9067320950489796
HIC,HIC__esm2__H__SVROpt,HIC__FUSION__ablang2__H__SEQ_ALL__SVROpt,0.938510980466563,0.7793753819360647
HIC,HIC__esm2__H__SVROpt,HIC__FUSION__ablang2__H__SEQ_PLUS_ANTIBODY__SVROpt,0.9340915758891714,0.7698574999188496
HIC,HIC__esm2__H__SVROpt,HIC__FUSION__ablang2__H__SEQ_BASIC__SVROpt,0.9403964877660217,0.7896892434102357
HIC,HIC__esm2__H__SVROpt,STAGE1_HIC,0.940291149990793,0.7912812023241471
HIC,HIC__ablang2__HL__RidgeOpt,HIC__ablang2__HL__SVROpt,0.9346571700471665,0.8391952139618184
HIC,HIC__ablang2__HL__RidgeOpt,HIC__ablang2__H__RidgeOpt,0.9289750013803278,0.815050503767495
HIC,HIC__ablang2__HL__RidgeOpt,HIC__ablang2__H__SVROpt,0.9319563804223597,0.8212320463587467
HIC,HIC__ablang2__HL__RidgeOpt,HIC__ablang2__HL_paired__RidgeOpt,0.8963603966395329,0.7769535720989442
HIC,HIC__ablang2__HL__RidgeOpt,HIC__ablang2__HL_paired__SVROpt,0.9225030815138315,0.8054225394849561
HIC,HIC__ablang2__HL__RidgeOpt,HIC__FUSION__esm2__H__SEQ_ALL__SVROpt,0.8956121558203282,0.714263133308212
HIC,HIC__ablang2__HL__RidgeOpt,HIC__FUSION__esm2__H__SEQ_PLUS_ANTIBODY__SVROpt,0.8942314646768382,0.7401268204148973
HIC,HIC__ablang2__HL__RidgeOpt,HIC__FUSION__esm2__H__SEQ_BASIC__SVROpt,0.8983040986894684,0.7372618588942942
HIC,HIC__ablang2__HL__RidgeOpt,HIC__FUSION__esm1b__H__SEQ_ALL__SVROpt,0.8914714513721599,0.6905587521751833
HIC,HIC__ablang2__HL__RidgeOpt,HIC__FUSION__esm1b__H__SEQ_PLUS_ANTIBODY__SVROpt,0.8985330624461215,0.711993745069232
HIC,HIC__ablang2__HL__RidgeOpt,HIC__FUSION__esm1b__H__SEQ_BASIC__SVROpt,0.8888542000280513,0.6834457442619619
HIC,HIC__ablang2__HL__RidgeOpt,HIC__FUSION__ablang2__H__SEQ_ALL__SVROpt,0.9248085032649133,0.8141726682670933
HIC,HIC__ablang2__HL__RidgeOpt,HIC__FUSION__ablang2__H__SEQ_PLUS_ANTIBODY__SVROpt,0.9172723330315267,0.797315968561634
HIC,HIC__ablang2__HL__RidgeOpt,HIC__FUSION__ablang2__H__SEQ_BASIC__SVROpt,0.9265127185542441,0.8137944368939302
HIC,HIC__ablang2__HL__RidgeOpt,STAGE1_HIC,0.9115829237854022,0.7739559473355152
HIC,HIC__ablang2__HL__SVROpt,HIC__ablang2__H__RidgeOpt,0.9088774336900544,0.7425683886073324
HIC,HIC__ablang2__HL__SVROpt,HIC__ablang2__H__SVROpt,0.984535498068599,0.9368297154373442
HIC,HIC__ablang2__HL__SVROpt,HIC__ablang2__HL_paired__RidgeOpt,0.8825554437624309,0.7036049119271311
HIC,HIC__ablang2__HL__SVROpt,HIC__ablang2__HL_paired__SVROpt,0.9780076181738081,0.923930332039161
HIC,HIC__ablang2__HL__SVROpt,HIC__FUSION__esm2__H__SEQ_ALL__SVROpt,0.9392602629671348,0.7553972064508206
HIC,HIC__ablang2__HL__SVROpt,HIC__FUSION__esm2__H__SEQ_PLUS_ANTIBODY__SVROpt,0.9346151379089686,0.7490209029286117
HIC,HIC__ablang2__HL__SVROpt,HIC__FUSION__esm2__H__SEQ_BASIC__SVROpt,0.9395516622507754,0.7570230368309856
HIC,HIC__ablang2__HL__SVROpt,HIC__FUSION__esm1b__H__SEQ_ALL__SVROpt,0.9438547514666172,0.7590891962724452
HIC,HIC__ablang2__HL__SVROpt,HIC__FUSION__esm1b__H__SEQ_PLUS_ANTIBODY__SVROpt,0.9485162640460421,0.7764342096163915
HIC,HIC__ablang2__HL__SVROpt,HIC__FUSION__esm1b__H__SEQ_BASIC__SVROpt,0.9417147876200811,0.7523770007098896
HIC,HIC__ablang2__HL__SVROpt,HIC__FUSION__ablang2__H__SEQ_ALL__SVROpt,0.9778610997627133,0.9120668509838955
HIC,HIC__ablang2__HL__SVROpt,HIC__FUSION__ablang2__H__SEQ_PLUS_ANTIBODY__SVROpt,0.9648988684934237,0.8638988033493235
HIC,HIC__ablang2__HL__SVROpt,HIC__FUSION__ablang2__H__SEQ_BASIC__SVROpt,0.9799486931619616,0.9176641107822755
HIC,HIC__ablang2__HL__SVROpt,STAGE1_HIC,0.9687129387987333,0.884808788516444
HIC,HIC__ablang2__H__RidgeOpt,HIC__ablang2__H__SVROpt,0.9443810968728575,0.8509627258626992
HIC,HIC__ablang2__H__RidgeOpt,HIC__ablang2__HL_paired__RidgeOpt,0.9135344128329628,0.8345153063744688
HIC,HIC__ablang2__H__RidgeOpt,HIC__ablang2__HL_paired__SVROpt,0.9114748236391703,0.7762366260632465
HIC,HIC__ablang2__H__RidgeOpt,HIC__FUSION__esm2__H__SEQ_ALL__SVROpt,0.9015425526973289,0.7284383419352745
HIC,HIC__ablang2__H__RidgeOpt,HIC__FUSION__esm2__H__SEQ_PLUS_ANTIBODY__SVROpt,0.9077336945351452,0.7811112945815533
HIC,HIC__ablang2__H__RidgeOpt,HIC__FUSION__esm2__H__SEQ_BASIC__SVROpt,0.906626304722037,0.7666933404463412
HIC,HIC__ablang2__H__RidgeOpt,HIC__FUSION__esm1b__H__SEQ_ALL__SVROpt,0.9050313874862728,0.7354497354497355
HIC,HIC__ablang2__H__RidgeOpt,HIC__FUSION__esm1b__H__SEQ_PLUS_ANTIBODY__SVROpt,0.9083821842162207,0.7498309954965062
HIC,HIC__ablang2__H__RidgeOpt,HIC__FUSION__esm1b__H__SEQ_BASIC__SVROpt,0.9044880367979149,0.7346424655040286
HIC,HIC__ablang2__H__RidgeOpt,HIC__FUSION__ablang2__H__SEQ_ALL__SVROpt,0.937415171733754,0.8334427099431101
HIC,HIC__ablang2__H__RidgeOpt,HIC__FUSION__ablang2__H__SEQ_PLUS_ANTIBODY__SVROpt,0.9391405095472108,0.8452102218439909
HIC,HIC__ablang2__H__RidgeOpt,HIC__FUSION__ablang2__H__SEQ_BASIC__SVROpt,0.9413142313022045,0.8421928387252473
HIC,HIC__ablang2__H__RidgeOpt,STAGE1_HIC,0.9079379673231174,0.743626871927752
HIC,HIC__ablang2__H__SVROpt,HIC__ablang2__HL_paired__RidgeOpt,0.8904268042979847,0.7473809594375078
HIC,HIC__ablang2__H__SVROpt,HIC__ablang2__HL_paired__SVROpt,0.9659864175187222,0.9018574265306727
HIC,HIC__ablang2__H__SVROpt,HIC__FUSION__esm2__H__SEQ_ALL__SVROpt,0.9468827410494981,0.7908747447291058
HIC,HIC__ablang2__H__SVROpt,HIC__FUSION__esm2__H__SEQ_PLUS_ANTIBODY__SVROpt,0.9448496723550219,0.7970647551869211
HIC,HIC__ablang2__H__SVROpt,HIC__FUSION__esm2__H__SEQ_BASIC__SVROpt,0.9491043205861649,0.806624976536953
HIC,HIC__ablang2__H__SVROpt,HIC__FUSION__esm1b__H__SEQ_ALL__SVROpt,0.9527131647812412,0.8005506935888371
HIC,HIC__ablang2__H__SVROpt,HIC__FUSION__esm1b__H__SEQ_PLUS_ANTIBODY__SVROpt,0.9558488280885814,0.8174779588489911
HIC,HIC__ablang2__H__SVROpt,HIC__FUSION__esm1b__H__SEQ_BASIC__SVROpt,0.951326576857504,0.7961699839533929
HIC,HIC__ablang2__H__SVROpt,HIC__FUSION__ablang2__H__SEQ_ALL__SVROpt,0.9920579306400131,0.963294621070028
HIC,HIC__ablang2__H__SVROpt,HIC__FUSION__ablang2__H__SEQ_PLUS_ANTIBODY__SVROpt,0.9808248834520443,0.9190330825433519
HIC,HIC__ablang2__H__SVROpt,HIC__FUSION__ablang2__H__SEQ_BASIC__SVROpt,0.9955588594519515,0.9785198451509467
HIC,HIC__ablang2__H__SVROpt,STAGE1_HIC,0.9639923579632272,0.8664052918520776
HIC,HIC__ablang2__HL_paired__RidgeOpt,HIC__ablang2__HL_paired__SVROpt,0.9151719238889845,0.8178223187559011
HIC,HIC__ablang2__HL_paired__RidgeOpt,HIC__FUSION__esm2__H__SEQ_ALL__SVROpt,0.8756277205329442,0.7113671229435433
HIC,HIC__ablang2__HL_paired__RidgeOpt,HIC__FUSION__esm2__H__SEQ_PLUS_ANTIBODY__SVROpt,0.8890461547590376,0.7674413353261046
HIC,HIC__ablang2__HL_paired__RidgeOpt,HIC__FUSION__esm2__H__SEQ_BASIC__SVROpt,0.8840500157408366,0.7473612010821933
HIC,HIC__ablang2__HL_paired__RidgeOpt,HIC__FUSION__esm1b__H__SEQ_ALL__SVROpt,0.8820190259323583,0.7337476942705004
HIC,HIC__ablang2__HL_paired__RidgeOpt,HIC__FUSION__esm1b__H__SEQ_PLUS_ANTIBODY__SVROpt,0.8865575165965833,0.7411542548912513
HIC,HIC__ablang2__HL_paired__RidgeOpt,HIC__FUSION__esm1b__H__SEQ_BASIC__SVROpt,0.8791812328144971,0.7272471953720286
HIC,HIC__ablang2__HL_paired__RidgeOpt,HIC__FUSION__ablang2__H__SEQ_ALL__SVROpt,0.8966170328210156,0.7655840499265412
HIC,HIC__ablang2__HL_paired__RidgeOpt,HIC__FUSION__ablang2__H__SEQ_PLUS_ANTIBODY__SVROpt,0.8989665170092785,0.7853960350626128
HIC,HIC__ablang2__HL_paired__RidgeOpt,HIC__FUSION__ablang2__H__SEQ_BASIC__SVROpt,0.8919643460257957,0.7513213400116574
HIC,HIC__ablang2__HL_paired__RidgeOpt,STAGE1_HIC,0.8861790468401957,0.7341795554652316
HIC,HIC__ablang2__HL_paired__SVROpt,HIC__FUSION__esm2__H__SEQ_ALL__SVROpt,0.9229932075918207,0.7478974992978727
HIC,HIC__ablang2__HL_paired__SVROpt,HIC__FUSION__esm2__H__SEQ_PLUS_ANTIBODY__SVROpt,0.926492964069802,0.7704361374673457
HIC,HIC__ablang2__HL_paired__SVROpt,HIC__FUSION__esm2__H__SEQ_BASIC__SVROpt,0.9277544466795878,0.7638735408807428
HIC,HIC__ablang2__HL_paired__SVROpt,HIC__FUSION__esm1b__H__SEQ_ALL__SVROpt,0.929835061078498,0.7483632319588575
HIC,HIC__ablang2__HL_paired__SVROpt,HIC__FUSION__esm1b__H__SEQ_PLUS_ANTIBODY__SVROpt,0.933788424160872,0.7630182863578435
HIC,HIC__ablang2__HL_paired__SVROpt,HIC__FUSION__esm1b__H__SEQ_BASIC__SVROpt,0.9272538117506044,0.7403977921449246
HIC,HIC__ablang2__HL_paired__SVROpt,HIC__FUSION__ablang2__H__SEQ_ALL__SVROpt,0.9624596712573381,0.8947218376399491
HIC,HIC__ablang2__HL_paired__SVROpt,HIC__FUSION__ablang2__H__SEQ_PLUS_ANTIBODY__SVROpt,0.9528705326125028,0.8721916673370395
HIC,HIC__ablang2__HL_paired__SVROpt,HIC__FUSION__ablang2__H__SEQ_BASIC__SVROpt,0.9633227318161293,0.8968896114801689
HIC,HIC__ablang2__HL_paired__SVROpt,STAGE1_HIC,0.9494339096903632,0.8562184483763572
HIC,HIC__FUSION__esm2__H__SEQ_ALL__SVROpt,HIC__FUSION__esm2__H__SEQ_PLUS_ANTIBODY__SVROpt,0.9776285342841695,0.9328018335753732
HIC,HIC__FUSION__esm2__H__SEQ_ALL__SVROpt,HIC__FUSION__esm2__H__SEQ_BASIC__SVROpt,0.9807585276474775,0.9412612322721684
HIC,HIC__FUSION__esm2__H__SEQ_ALL__SVROpt,HIC__FUSION__esm1b__H__SEQ_ALL__SVROpt,0.9722878184736005,0.909063580976091
HIC,HIC__FUSION__esm2__H__SEQ_ALL__SVROpt,HIC__FUSION__esm1b__H__SEQ_PLUS_ANTIBODY__SVROpt,0.9734082514900757,0.9124902443120634
HIC,HIC__FUSION__esm2__H__SEQ_ALL__SVROpt,HIC__FUSION__esm1b__H__SEQ_BASIC__SVROpt,0.9703976300659651,0.9037909227293063
HIC,HIC__FUSION__esm2__H__SEQ_ALL__SVROpt,HIC__FUSION__ablang2__H__SEQ_ALL__SVROpt,0.9536359080468373,0.8070116757766796
HIC,HIC__FUSION__esm2__H__SEQ_ALL__SVROpt,HIC__FUSION__ablang2__H__SEQ_PLUS_ANTIBODY__SVROpt,0.9525463583540681,0.8055721384609087
HIC,HIC__FUSION__esm2__H__SEQ_ALL__SVROpt,HIC__FUSION__ablang2__H__SEQ_BASIC__SVROpt,0.952067190669015,0.8054818145508996
HIC,HIC__FUSION__esm2__H__SEQ_ALL__SVROpt,STAGE1_HIC,0.9628249077508294,0.8490433427750045
HIC,HIC__FUSION__esm2__H__SEQ_PLUS_ANTIBODY__SVROpt,HIC__FUSION__esm2__H__SEQ_BASIC__SVROpt,0.9912251125384168,0.96957777806004
HIC,HIC__FUSION__esm2__H__SEQ_PLUS_ANTIBODY__SVROpt,HIC__FUSION__esm1b__H__SEQ_ALL__SVROpt,0.9672123291715885,0.896677914816085
HIC,HIC__FUSION__esm2__H__SEQ_PLUS_ANTIBODY__SVROpt,HIC__FUSION__esm1b__H__SEQ_PLUS_ANTIBODY__SVROpt,0.9695390132794381,0.9046094831637642
HIC,HIC__FUSION__esm2__H__SEQ_PLUS_ANTIBODY__SVROpt,HIC__FUSION__esm1b__H__SEQ_BASIC__SVROpt,0.9660262997545872,0.894642804218691
HIC,HIC__FUSION__esm2__H__SEQ_PLUS_ANTIBODY__SVROpt,HIC__FUSION__ablang2__H__SEQ_ALL__SVROpt,0.9540370383867272,0.8275236712153223
HIC,HIC__FUSION__esm2__H__SEQ_PLUS_ANTIBODY__SVROpt,HIC__FUSION__ablang2__H__SEQ_PLUS_ANTIBODY__SVROpt,0.9577013248652485,0.8467062116035176
HIC,HIC__FUSION__esm2__H__SEQ_PLUS_ANTIBODY__SVROpt,HIC__FUSION__ablang2__H__SEQ_BASIC__SVROpt,0.9530251483506025,0.8228155374060949
HIC,HIC__FUSION__esm2__H__SEQ_PLUS_ANTIBODY__SVROpt,STAGE1_HIC,0.9604332218894367,0.8541692246680244
HIC,HIC__FUSION__esm2__H__SEQ_BASIC__SVROpt,HIC__FUSION__esm1b__H__SEQ_ALL__SVROpt,0.9749501919142222,0.911005545041288
HIC,HIC__FUSION__esm2__H__SEQ_BASIC__SVROpt,HIC__FUSION__esm1b__H__SEQ_PLUS_ANTIBODY__SVROpt,0.9761376250782372,0.9150193137923198
HIC,HIC__FUSION__esm2__H__SEQ_BASIC__SVROpt,HIC__FUSION__esm1b__H__SEQ_BASIC__SVROpt,0.9743459860156649,0.9106894113562558
HIC,HIC__FUSION__esm2__H__SEQ_BASIC__SVROpt,HIC__FUSION__ablang2__H__SEQ_ALL__SVROpt,0.952387663927795,0.8181977275068766
HIC,HIC__FUSION__esm2__H__SEQ_BASIC__SVROpt,HIC__FUSION__ablang2__H__SEQ_PLUS_ANTIBODY__SVROpt,0.949314973536763,0.8120500563818782
HIC,HIC__FUSION__esm2__H__SEQ_BASIC__SVROpt,HIC__FUSION__ablang2__H__SEQ_BASIC__SVROpt,0.9539647191407215,0.8236312752183651
HIC,HIC__FUSION__esm2__H__SEQ_BASIC__SVROpt,STAGE1_HIC,0.9541050857548778,0.8274587509050032
HIC,HIC__FUSION__esm1b__H__SEQ_ALL__SVROpt,HIC__FUSION__esm1b__H__SEQ_PLUS_ANTIBODY__SVROpt,0.999057328968418,0.9958535680061421
HIC,HIC__FUSION__esm1b__H__SEQ_ALL__SVROpt,HIC__FUSION__esm1b__H__SEQ_BASIC__SVROpt,0.9996355972431391,0.9983148945538916
HIC,HIC__FUSION__esm1b__H__SEQ_ALL__SVROpt,HIC__FUSION__ablang2__H__SEQ_ALL__SVROpt,0.9563942845470053,0.8145339639071301
HIC,HIC__FUSION__esm1b__H__SEQ_ALL__SVROpt,HIC__FUSION__ablang2__H__SEQ_PLUS_ANTIBODY__SVROpt,0.9539095767024363,0.8141980718667835
HIC,HIC__FUSION__esm1b__H__SEQ_ALL__SVROpt,HIC__FUSION__ablang2__H__SEQ_BASIC__SVROpt,0.9556558522413513,0.8144972698186889
HIC,HIC__FUSION__esm1b__H__SEQ_ALL__SVROpt,STAGE1_HIC,0.9544079257783624,0.8335273886087435
HIC,HIC__FUSION__esm1b__H__SEQ_PLUS_ANTIBODY__SVROpt,HIC__FUSION__esm1b__H__SEQ_BASIC__SVROpt,0.9983836543334024,0.9929462671527222
HIC,HIC__FUSION__esm1b__H__SEQ_PLUS_ANTIBODY__SVROpt,HIC__FUSION__ablang2__H__SEQ_ALL__SVROpt,0.9592561400241966,0.8318563962735741
HIC,HIC__FUSION__esm1b__H__SEQ_PLUS_ANTIBODY__SVROpt,HIC__FUSION__ablang2__H__SEQ_PLUS_ANTIBODY__SVROpt,0.9580000059157537,0.8353366894311146
HIC,HIC__FUSION__esm1b__H__SEQ_PLUS_ANTIBODY__SVROpt,HIC__FUSION__ablang2__H__SEQ_BASIC__SVROpt,0.9584614714568552,0.8307414605093986
HIC,HIC__FUSION__esm1b__H__SEQ_PLUS_ANTIBODY__SVROpt,STAGE1_HIC,0.9602773737778313,0.8570116052111251
HIC,HIC__FUSION__esm1b__H__SEQ_BASIC__SVROpt,HIC__FUSION__ablang2__H__SEQ_ALL__SVROpt,0.9540530769628643,0.8058374649465607
HIC,HIC__FUSION__esm1b__H__SEQ_BASIC__SVROpt,HIC__FUSION__ablang2__H__SEQ_PLUS_ANTIBODY__SVROpt,0.951614971802733,0.8064245703616203
HIC,HIC__FUSION__esm1b__H__SEQ_BASIC__SVROpt,HIC__FUSION__ablang2__H__SEQ_BASIC__SVROpt,0.9541906208590897,0.808843557576553
HIC,HIC__FUSION__esm1b__H__SEQ_BASIC__SVROpt,STAGE1_HIC,0.9517827453917874,0.8250087148460047
HIC,HIC__FUSION__ablang2__H__SEQ_ALL__SVROpt,HIC__FUSION__ablang2__H__SEQ_PLUS_ANTIBODY__SVROpt,0.9922758993064458,0.968942688067788
HIC,HIC__FUSION__ablang2__H__SEQ_ALL__SVROpt,HIC__FUSION__ablang2__H__SEQ_BASIC__SVROpt,0.9979358182981584,0.9910974496197223
HIC,HIC__FUSION__ablang2__H__SEQ_ALL__SVROpt,STAGE1_HIC,0.9733651862659042,0.9081405835206848
HIC,HIC__FUSION__ablang2__H__SEQ_PLUS_ANTIBODY__SVROpt,HIC__FUSION__ablang2__H__SEQ_BASIC__SVROpt,0.9888811936334153,0.9562747596890034
HIC,HIC__FUSION__ablang2__H__SEQ_PLUS_ANTIBODY__SVROpt,STAGE1_HIC,0.9796408531948492,0.9254460801540023
HIC,HIC__FUSION__ablang2__H__SEQ_BASIC__SVROpt,STAGE1_HIC,0.9707800913774931,0.8933952052116895
